2026-06-07 21:01:01 no action
2026-06-07 21:02:01 no action
2026-06-07 21:03:02 no action
2026-06-07 21:04:01 no action
2026-06-07 21:05:01 no action
2026-06-07 21:06:01 no action
2026-06-07 21:07:01 no action
2026-06-07 21:08:01 no action
2026-06-07 21:09:02 no action
2026-06-07 21:10:01 no action
2026-06-07 21:11:01 no action
2026-06-07 21:12:01 no action
2026-06-07 21:13:01 no action
2026-06-07 21:14:01 no action
2026-06-07 21:15:01 no action
2026-06-07 21:16:01 no action
2026-06-07 21:17:01 no action
2026-06-07 21:18:01 no action
2026-06-07 21:19:01 no action
2026-06-07 21:20:01 no action
2026-06-07 21:21:01 no action
2026-06-07 21:22:01 no action
2026-06-07 21:23:01 no action
2026-06-07 21:24:01 no action
2026-06-07 21:25:01 no action
2026-06-07 21:26:01 no action
2026-06-07 21:27:02 no action
2026-06-07 21:28:01 no action
2026-06-07 21:29:01 no action
2026-06-07 21:30:01 no action
Traceback (most recent call last):
  File "/app/src/forecast_pipeline.py", line 10, in <module>
    CalcError().run()
  File "/app/src/calc_error.py", line 55, in run
    actual_total, actual_count = self.calculate_actual_total(self.actuals_data)
                                 ^^^^^^^^^^^^^^^^^^^^^^^^^^^^^^^^^^^^^^^^^^^^^^
  File "/app/src/calc_error.py", line 44, in calculate_actual_total
    total += sum(period.values())
                 ^^^^^^^^^^^^^
AttributeError: 'float' object has no attribute 'values'
2026-06-07 21:31:01 no action
2026-06-07 21:32:01 no action
2026-06-07 21:33:01 no action
2026-06-07 21:34:01 no action
bash: line 1: venv/bin/activate: No such file or directory
2026-06-07 21:36:01 no action
2026-06-07 21:37:01 no action
2026-06-07 21:38:01 no action
2026-06-07 21:39:02 no action
2026-06-07 21:40:01 no action
2026-06-07 21:41:01 no action
2026-06-07 21:42:01 no action
2026-06-07 21:43:01 no action
2026-06-07 21:44:01 no action
2026-06-07 21:45:02 no action
2026-06-07 21:46:01 no action
2026-06-07 21:47:01 no action
2026-06-07 21:48:01 no action
2026-06-07 21:49:01 no action
2026-06-07 21:50:01 no action
2026-06-07 21:51:02 no action
2026-06-07 21:52:01 no action
2026-06-07 21:53:01 no action
2026-06-07 21:54:01 no action
bash: line 1: venv/bin/activate: No such file or directory
2026-06-07 21:56:01 no action
2026-06-07 21:57:02 no action
2026-06-07 21:58:01 no action
2026-06-07 21:59:01 no action
2026-06-07 22:00:01 no action
2026-06-07 22:01:01 no action
2026-06-07 22:02:01 no action
2026-06-07 22:03:02 no action
2026-06-07 22:04:01 no action
bash: line 1: venv/bin/activate: No such file or directory
2026-06-07 22:06:01 no action
2026-06-07 22:07:01 no action
2026-06-07 22:08:01 no action
2026-06-07 22:09:02 no action
2026-06-07 22:10:01 no action
2026-06-07 22:11:01 no action
2026-06-07 22:12:01 no action
2026-06-07 22:13:01 no action
2026-06-07 22:14:01 no action
2026-06-07 22:15:02 no action
2026-06-07 22:16:01 no action
2026-06-07 22:17:01 no action
2026-06-07 22:18:01 no action
2026-06-07 22:19:01 no action
2026-06-07 22:20:01 no action
2026-06-07 22:21:02 no action
2026-06-07 22:22:01 no action
2026-06-07 22:23:01 no action
2026-06-07 22:24:01 no action
2026-06-07 22:25:01 no action
2026-06-07 22:26:01 no action
2026-06-07 22:27:02 no action
2026-06-07 22:28:01 no action
2026-06-07 22:29:01 no action
2026-06-07 22:30:01 no action
2026-06-07 22:31:01 no action
2026-06-07 22:32:01 no action
2026-06-07 22:33:02 no action
2026-06-07 22:34:01 no action
2026-06-07 22:35:01 no action
2026-06-07 22:36:01 no action
2026-06-07 22:37:01 no action
2026-06-07 22:38:02 no action
2026-06-07 22:39:01 no action
2026-06-07 22:40:01 no action
2026-06-07 22:41:01 no action
2026-06-07 22:42:01 no action
2026-06-07 22:43:01 no action
2026-06-07 22:44:02 no action
2026-06-07 22:45:01 no action
2026-06-07 22:46:01 no action
2026-06-07 22:47:01 no action
2026-06-07 22:48:01 no action
2026-06-07 22:49:01 no action
2026-06-07 22:50:02 no action
2026-06-07 22:51:01 no action
2026-06-07 22:52:01 no action
2026-06-07 22:53:01 no action
2026-06-07 22:54:01 no action
2026-06-07 22:55:01 no action
2026-06-07 22:56:02 no action
2026-06-07 22:57:01 no action
2026-06-07 22:58:01 no action
2026-06-07 22:59:01 no action
2026-06-07 23:00:01 no action
2026-06-07 23:01:01 no action
2026-06-07 23:02:02 no action
2026-06-07 23:03:01 no action
2026-06-07 23:04:01 no action
2026-06-07 23:05:01 no action
2026-06-07 23:06:01 no action
2026-06-07 23:07:01 no action
2026-06-07 23:08:02 no action
2026-06-07 23:09:01 no action
2026-06-07 23:10:01 no action
2026-06-07 23:11:01 no action
2026-06-07 23:12:01 no action
2026-06-07 23:13:01 no action
2026-06-07 23:14:02 no action
2026-06-07 23:15:01 no action
2026-06-07 23:16:01 no action
2026-06-07 23:17:01 no action
2026-06-07 23:18:01 no action
2026-06-07 23:19:01 no action
2026-06-07 23:20:02 no action
2026-06-07 23:21:01 no action
2026-06-07 23:22:01 no action
2026-06-07 23:23:01 no action
2026-06-07 23:24:01 no action
2026-06-07 23:25:01 no action
2026-06-07 23:26:02 no action
2026-06-07 23:27:01 no action
2026-06-07 23:28:01 no action
2026-06-07 23:29:01 no action
2026-06-07 23:30:01 no action
2026-06-07 23:31:01 no action
2026-06-07 23:32:01 no action
2026-06-07 23:33:01 no action
2026-06-07 23:34:01 no action
2026-06-07 23:35:01 no action
2026-06-07 23:36:01 no action
2026-06-07 23:37:02 no action
2026-06-07 23:38:01 no action
2026-06-07 23:39:01 no action
2026-06-07 23:40:01 no action
2026-06-07 23:41:01 no action
2026-06-07 23:42:01 no action
2026-06-07 23:43:02 no action
2026-06-07 23:44:01 no action
2026-06-07 23:45:01 no action
2026-06-07 23:46:01 no action
2026-06-07 23:47:01 no action
2026-06-07 23:48:01 no action
2026-06-07 23:49:02 no action
2026-06-07 23:50:01 no action
2026-06-07 23:51:01 no action
2026-06-07 23:52:01 no action
2026-06-07 23:53:01 no action
2026-06-07 23:54:01 no action
2026-06-07 23:55:02 no action
2026-06-07 23:56:01 no action
2026-06-07 23:57:01 no action
2026-06-07 23:58:01 no action
2026-06-07 23:59:01 no action
2026-06-08 00:00:01 no action
2026-06-08 00:01:02 no action
2026-06-08 00:02:01 no action
2026-06-08 00:03:01 no action
2026-06-08 00:04:01 no action
2026-06-08 00:05:01 no action
2026-06-08 00:06:02 no action
2026-06-08 00:07:01 no action
2026-06-08 00:08:01 no action
2026-06-08 00:09:01 no action
2026-06-08 00:10:01 no action
2026-06-08 00:11:01 no action
2026-06-08 00:12:01 no action
2026-06-08 00:13:01 no action
2026-06-08 00:14:01 no action
2026-06-08 00:15:01 no action
2026-06-08 00:16:01 no action
2026-06-08 00:17:01 no action
2026-06-08 00:18:01 no action
2026-06-08 00:19:02 no action
2026-06-08 00:20:01 no action
2026-06-08 00:21:01 no action
2026-06-08 00:22:01 no action
2026-06-08 00:23:01 no action
2026-06-08 00:24:01 no action
2026-06-08 00:25:02 no action
2026-06-08 00:26:01 no action
2026-06-08 00:27:01 no action
2026-06-08 00:28:01 no action
2026-06-08 00:29:01 no action
2026-06-08 00:30:01 no action
2026-06-08 00:31:02 no action
2026-06-08 00:32:01 no action
2026-06-08 00:33:01 no action
2026-06-08 00:34:01 no action
2026-06-08 00:35:01 no action
2026-06-08 00:36:01 no action
2026-06-08 00:37:02 no action
2026-06-08 00:38:01 no action
2026-06-08 00:39:01 no action
2026-06-08 00:40:01 no action
2026-06-08 00:41:01 no action
2026-06-08 00:42:01 no action
2026-06-08 00:43:02 no action
2026-06-08 00:44:01 no action
2026-06-08 00:45:01 no action
2026-06-08 00:46:01 no action
2026-06-08 00:47:01 no action
2026-06-08 00:48:01 no action
2026-06-08 00:49:02 no action
2026-06-08 00:50:01 no action
2026-06-08 00:51:01 no action
2026-06-08 00:52:01 no action
2026-06-08 00:53:01 no action
2026-06-08 00:54:01 no action
2026-06-08 00:55:02 no action
2026-06-08 00:56:01 no action
2026-06-08 00:57:01 no action
2026-06-08 00:58:01 no action
2026-06-08 00:59:01 no action
2026-06-08 01:00:02 no action
2026-06-08 01:01:01 no action
2026-06-08 01:02:01 no action
2026-06-08 01:03:01 no action
2026-06-08 01:04:01 no action
2026-06-08 01:05:01 no action
2026-06-08 01:06:02 no action
2026-06-08 01:07:01 no action
2026-06-08 01:08:01 no action
2026-06-08 01:09:01 no action
2026-06-08 01:10:01 no action
2026-06-08 01:11:01 no action
2026-06-08 01:12:02 no action
2026-06-08 01:13:01 no action
2026-06-08 01:14:01 no action
2026-06-08 01:15:01 no action
2026-06-08 01:16:01 no action
2026-06-08 01:17:02 no action
2026-06-08 01:18:01 no action
2026-06-08 01:19:01 no action
2026-06-08 01:20:01 no action
2026-06-08 01:21:01 no action
2026-06-08 01:22:01 no action
2026-06-08 01:23:02 no action
2026-06-08 01:24:01 no action
2026-06-08 01:25:01 no action
2026-06-08 01:26:01 no action
2026-06-08 01:27:01 no action
2026-06-08 01:28:01 no action
2026-06-08 01:29:02 no action
2026-06-08 01:30:01 no action
2026-06-08 01:31:01 no action
2026-06-08 01:32:01 no action
2026-06-08 01:33:01 no action
2026-06-08 01:34:01 no action
2026-06-08 01:35:02 no action
2026-06-08 01:36:01 no action
2026-06-08 01:37:01 no action
2026-06-08 01:38:01 no action
2026-06-08 01:39:01 no action
2026-06-08 01:40:01 no action
2026-06-08 01:41:02 no action
2026-06-08 01:42:01 no action
2026-06-08 01:43:01 no action
2026-06-08 01:44:01 no action
2026-06-08 01:45:01 no action
2026-06-08 01:46:01 no action
2026-06-08 01:47:02 no action
2026-06-08 01:48:01 no action
2026-06-08 01:49:01 no action
2026-06-08 01:50:01 no action
2026-06-08 01:51:01 no action
2026-06-08 01:52:01 no action
2026-06-08 01:53:02 no action
2026-06-08 01:54:01 no action
2026-06-08 01:55:01 no action
2026-06-08 01:56:01 no action
2026-06-08 01:57:01 no action
2026-06-08 01:58:01 no action
2026-06-08 01:59:02 no action
2026-06-08 02:00:01 battery_level=11 target_percentage=22 CHANGE set_timed_charge(True)
set_enable_ac_charge current_value False being set to True
set_enable_ac_charge updated_value True
2026-06-08 02:01:01 battery_level=11 target_percentage=22 set_timed_charge(True)
2026-06-08 02:02:01 battery_level=12 target_percentage=22 set_timed_charge(True)
2026-06-08 02:03:01 battery_level=12 target_percentage=22 set_timed_charge(True)
2026-06-08 02:04:01 battery_level=13 target_percentage=22 set_timed_charge(True)
2026-06-08 02:05:01 battery_level=13 target_percentage=22 set_timed_charge(True)
2026-06-08 02:06:01 battery_level=14 target_percentage=22 set_timed_charge(True)
2026-06-08 02:07:01 battery_level=14 target_percentage=22 set_timed_charge(True)
2026-06-08 02:08:01 battery_level=15 target_percentage=22 set_timed_charge(True)
2026-06-08 02:09:02 battery_level=15 target_percentage=22 set_timed_charge(True)
2026-06-08 02:10:01 battery_level=16 target_percentage=22 set_timed_charge(True)
2026-06-08 02:11:01 battery_level=16 target_percentage=22 set_timed_charge(True)
2026-06-08 02:12:01 battery_level=17 target_percentage=22 set_timed_charge(True)
2026-06-08 02:13:01 battery_level=17 target_percentage=22 set_timed_charge(True)
2026-06-08 02:14:01 battery_level=18 target_percentage=22 set_timed_charge(True)
2026-06-08 02:15:02 battery_level=18 target_percentage=22 set_timed_charge(True)
2026-06-08 02:16:01 battery_level=19 target_percentage=22 set_timed_charge(True)
2026-06-08 02:17:01 battery_level=19 target_percentage=22 set_timed_charge(True)
2026-06-08 02:18:01 battery_level=20 target_percentage=22 set_timed_charge(True)
2026-06-08 02:19:01 battery_level=20 target_percentage=22 set_timed_charge(True)
2026-06-08 02:20:01 battery_level=21 target_percentage=22 set_timed_charge(True)
2026-06-08 02:21:02 battery_level=21 target_percentage=22 set_timed_charge(True)
2026-06-08 02:22:01 battery_level=22 is within tolerance=0 of target_percentage=22 NO CHANGE
2026-06-08 02:23:01 battery_level=34035 target_percentage=22 CHANGE set_timed_charge(False)
set_enable_ac_charge current_value True being set to False
set_enable_ac_charge updated_value False
2026-06-08 02:24:01 battery_level=34036 target_percentage=22 set_timed_charge(False)
2026-06-08 02:25:02 battery_level=22 is within tolerance=0 of target_percentage=22 NO CHANGE
2026-06-08 02:26:01 battery_level=22 is within tolerance=0 of target_percentage=22 NO CHANGE
2026-06-08 02:27:01 battery_level=22 is within tolerance=0 of target_percentage=22 NO CHANGE
2026-06-08 02:28:01 battery_level=22 is within tolerance=0 of target_percentage=22 NO CHANGE
2026-06-08 02:29:01 battery_level=22 is within tolerance=0 of target_percentage=22 NO CHANGE
2026-06-08 02:30:01 battery_level=22 is within tolerance=0 of target_percentage=22 NO CHANGE
2026-06-08 02:31:02 battery_level=22 is within tolerance=0 of target_percentage=22 NO CHANGE
2026-06-08 02:32:01 battery_level=22 is within tolerance=0 of target_percentage=22 NO CHANGE
2026-06-08 02:33:01 battery_level=22 is within tolerance=0 of target_percentage=22 NO CHANGE
2026-06-08 02:34:01 battery_level=22 is within tolerance=0 of target_percentage=22 NO CHANGE
2026-06-08 02:35:01 battery_level=34047 target_percentage=22 set_timed_charge(False)
2026-06-08 02:36:01 battery_level=22 is within tolerance=0 of target_percentage=22 NO CHANGE
2026-06-08 02:37:02 battery_level=22 is within tolerance=0 of target_percentage=22 NO CHANGE
2026-06-08 02:38:01 battery_level=22 is within tolerance=0 of target_percentage=22 NO CHANGE
2026-06-08 02:39:01 battery_level=22 is within tolerance=0 of target_percentage=22 NO CHANGE
2026-06-08 02:40:01 battery_level=22 is within tolerance=0 of target_percentage=22 NO CHANGE
2026-06-08 02:41:01 battery_level=22 is within tolerance=0 of target_percentage=22 NO CHANGE
2026-06-08 02:42:01 battery_level=22 is within tolerance=0 of target_percentage=22 NO CHANGE
2026-06-08 02:43:02 battery_level=22 is within tolerance=0 of target_percentage=22 NO CHANGE
2026-06-08 02:44:01 battery_level=22 is within tolerance=0 of target_percentage=22 NO CHANGE
2026-06-08 02:45:01 battery_level=34055 target_percentage=22 set_timed_charge(False)
2026-06-08 02:46:01 battery_level=21 target_percentage=22 CHANGE set_timed_charge(True)
set_enable_ac_charge current_value False being set to True
set_enable_ac_charge updated_value True
2026-06-08 02:47:01 battery_level=22 is within tolerance=0 of target_percentage=22 NO CHANGE
2026-06-08 02:48:02 battery_level=22 is within tolerance=0 of target_percentage=22 NO CHANGE
2026-06-08 02:49:01 battery_level=23 target_percentage=22 CHANGE set_timed_charge(False)
set_enable_ac_charge current_value True being set to False
set_enable_ac_charge updated_value False
2026-06-08 02:50:01 battery_level=34060 target_percentage=22 set_timed_charge(False)
2026-06-08 02:51:01 battery_level=23 target_percentage=22 set_timed_charge(False)
2026-06-08 02:52:01 battery_level=23 target_percentage=22 set_timed_charge(False)
2026-06-08 02:53:02 battery_level=23 target_percentage=22 set_timed_charge(False)
2026-06-08 02:54:01 battery_level=23 target_percentage=22 set_timed_charge(False)
2026-06-08 02:55:01 battery_level=23 target_percentage=22 set_timed_charge(False)
2026-06-08 02:56:01 battery_level=23 target_percentage=22 set_timed_charge(False)
2026-06-08 02:57:01 battery_level=34067 target_percentage=22 set_timed_charge(False)
2026-06-08 02:58:02 battery_level=23 target_percentage=22 set_timed_charge(False)
2026-06-08 02:59:01 battery_level=23 target_percentage=22 set_timed_charge(False)
2026-06-08 03:00:01 battery_level=22 is within tolerance=0 of target_percentage=22 NO CHANGE
2026-06-08 03:01:01 battery_level=22 is within tolerance=0 of target_percentage=22 NO CHANGE
2026-06-08 03:02:01 battery_level=22 is within tolerance=0 of target_percentage=22 NO CHANGE
2026-06-08 03:03:01 battery_level=22 is within tolerance=0 of target_percentage=22 NO CHANGE
2026-06-08 03:04:02 battery_level=22 is within tolerance=0 of target_percentage=22 NO CHANGE
2026-06-08 03:05:01 battery_level=22 is within tolerance=0 of target_percentage=22 NO CHANGE
2026-06-08 03:06:01 battery_level=22 is within tolerance=0 of target_percentage=22 NO CHANGE
2026-06-08 03:07:01 battery_level=22 is within tolerance=0 of target_percentage=22 NO CHANGE
2026-06-08 03:08:01 battery_level=22 is within tolerance=0 of target_percentage=22 NO CHANGE
2026-06-08 03:09:01 battery_level=22 is within tolerance=0 of target_percentage=22 NO CHANGE
2026-06-08 03:10:02 battery_level=21 target_percentage=22 CHANGE set_timed_charge(True)
set_enable_ac_charge current_value False being set to True
set_enable_ac_charge updated_value True
2026-06-08 03:11:01 battery_level=22 is within tolerance=0 of target_percentage=22 NO CHANGE
2026-06-08 03:12:01 battery_level=22 is within tolerance=0 of target_percentage=22 NO CHANGE
2026-06-08 03:13:01 battery_level=23 target_percentage=22 CHANGE set_timed_charge(False)
set_enable_ac_charge current_value True being set to False
set_enable_ac_charge updated_value False
2026-06-08 03:14:01 battery_level=34082 target_percentage=22 set_timed_charge(False)
2026-06-08 03:15:01 battery_level=34083 target_percentage=22 set_timed_charge(False)
2026-06-08 03:16:01 battery_level=23 target_percentage=22 set_timed_charge(False)
2026-06-08 03:17:01 battery_level=23 target_percentage=22 set_timed_charge(False)
2026-06-08 03:18:01 battery_level=22 is within tolerance=0 of target_percentage=22 NO CHANGE
2026-06-08 03:19:01 battery_level=22 is within tolerance=0 of target_percentage=22 NO CHANGE
2026-06-08 03:20:01 battery_level=22 is within tolerance=0 of target_percentage=22 NO CHANGE
2026-06-08 03:21:01 battery_level=22 is within tolerance=0 of target_percentage=22 NO CHANGE
2026-06-08 03:22:01 battery_level=22 is within tolerance=0 of target_percentage=22 NO CHANGE
2026-06-08 03:23:01 battery_level=22 is within tolerance=0 of target_percentage=22 NO CHANGE
2026-06-08 03:24:01 battery_level=22 is within tolerance=0 of target_percentage=22 NO CHANGE
2026-06-08 03:25:01 battery_level=22 is within tolerance=0 of target_percentage=22 NO CHANGE
2026-06-08 03:26:01 battery_level=22 is within tolerance=0 of target_percentage=22 NO CHANGE
2026-06-08 03:27:01 battery_level=22 is within tolerance=0 of target_percentage=22 NO CHANGE
2026-06-08 03:28:01 battery_level=22 is within tolerance=0 of target_percentage=22 NO CHANGE
2026-06-08 03:29:01 battery_level=34096 target_percentage=22 set_timed_charge(False)
2026-06-08 03:30:01 battery_level=22 is within tolerance=0 of target_percentage=22 NO CHANGE
2026-06-08 03:31:01 battery_level=22 is within tolerance=0 of target_percentage=22 NO CHANGE
2026-06-08 03:32:01 battery_level=22 is within tolerance=0 of target_percentage=22 NO CHANGE
2026-06-08 03:33:01 battery_level=22 is within tolerance=0 of target_percentage=22 NO CHANGE
2026-06-08 03:34:01 battery_level=22 is within tolerance=0 of target_percentage=22 NO CHANGE
2026-06-08 03:35:01 battery_level=22 is within tolerance=0 of target_percentage=22 NO CHANGE
2026-06-08 03:36:02 battery_level=22 is within tolerance=0 of target_percentage=22 NO CHANGE
2026-06-08 03:37:01 battery_level=21 target_percentage=22 CHANGE set_timed_charge(True)
set_enable_ac_charge current_value False being set to True
set_enable_ac_charge updated_value True
2026-06-08 03:38:01 battery_level=22 is within tolerance=0 of target_percentage=22 NO CHANGE
2026-06-08 03:39:01 battery_level=22 is within tolerance=0 of target_percentage=22 NO CHANGE
2026-06-08 03:40:01 battery_level=23 target_percentage=22 CHANGE set_timed_charge(False)
set_enable_ac_charge current_value True being set to False
set_enable_ac_charge updated_value False
2026-06-08 03:41:01 battery_level=23 target_percentage=22 set_timed_charge(False)
2026-06-08 03:42:01 battery_level=23 target_percentage=22 set_timed_charge(False)
2026-06-08 03:43:01 battery_level=34109 target_percentage=22 set_timed_charge(False)
2026-06-08 03:44:01 battery_level=23 target_percentage=22 set_timed_charge(False)
2026-06-08 03:45:01 battery_level=23 target_percentage=22 set_timed_charge(False)
2026-06-08 03:46:01 battery_level=23 target_percentage=22 set_timed_charge(False)
2026-06-08 03:47:01 battery_level=23 target_percentage=22 set_timed_charge(False)
2026-06-08 03:48:01 battery_level=23 target_percentage=22 CHANGE set_timed_charge(False)
set_enable_ac_charge current_value True being set to False
set_enable_ac_charge updated_value False
2026-06-08 03:49:01 battery_level=23 target_percentage=22 set_timed_charge(False)
2026-06-08 03:50:02 battery_level=23 target_percentage=22 set_timed_charge(False)
2026-06-08 03:51:01 battery_level=23 target_percentage=22 set_timed_charge(False)
2026-06-08 03:52:01 battery_level=23 target_percentage=22 set_timed_charge(False)
2026-06-08 03:53:01 battery_level=23 target_percentage=22 set_timed_charge(False)
2026-06-08 03:54:01 battery_level=23 target_percentage=22 set_timed_charge(False)
2026-06-08 03:55:01 battery_level=23 target_percentage=22 set_timed_charge(False)
2026-06-08 03:56:01 battery_level=34121 target_percentage=22 set_timed_charge(False)
2026-06-08 03:57:01 battery_level=23 target_percentage=22 set_timed_charge(False)
2026-06-08 03:58:01 battery_level=22 is within tolerance=0 of target_percentage=22 NO CHANGE
2026-06-08 03:59:01 battery_level=22 is within tolerance=0 of target_percentage=22 NO CHANGE
2026-06-08 04:00:01 battery_level=34124 target_percentage=22 CHANGE set_timed_charge(False)
set_enable_ac_charge current_value True being set to False
set_enable_ac_charge updated_value False
2026-06-08 04:01:01 battery_level=22 is within tolerance=0 of target_percentage=22 NO CHANGE
2026-06-08 04:02:01 battery_level=22 is within tolerance=0 of target_percentage=22 NO CHANGE
2026-06-08 04:03:01 battery_level=22 is within tolerance=0 of target_percentage=22 NO CHANGE
2026-06-08 04:04:01 battery_level=22 is within tolerance=0 of target_percentage=22 NO CHANGE
2026-06-08 04:05:02 battery_level=22 is within tolerance=0 of target_percentage=22 NO CHANGE
2026-06-08 04:06:01 battery_level=22 is within tolerance=0 of target_percentage=22 NO CHANGE
2026-06-08 04:07:01 battery_level=22 is within tolerance=0 of target_percentage=22 NO CHANGE
2026-06-08 04:08:01 battery_level=22 is within tolerance=0 of target_percentage=22 NO CHANGE
2026-06-08 04:09:01 battery_level=22 is within tolerance=0 of target_percentage=22 NO CHANGE
2026-06-08 04:10:01 battery_level=22 is within tolerance=0 of target_percentage=22 NO CHANGE
2026-06-08 04:11:02 battery_level=22 is within tolerance=0 of target_percentage=22 NO CHANGE
2026-06-08 04:12:01 battery_level=22 is within tolerance=0 of target_percentage=22 NO CHANGE
2026-06-08 04:13:01 battery_level=22 is within tolerance=0 of target_percentage=22 NO CHANGE
2026-06-08 04:14:01 battery_level=22 is within tolerance=0 of target_percentage=22 NO CHANGE
2026-06-08 04:15:01 battery_level=22 is within tolerance=0 of target_percentage=22 NO CHANGE
2026-06-08 04:16:01 battery_level=22 is within tolerance=0 of target_percentage=22 NO CHANGE
2026-06-08 04:17:02 battery_level=34140 target_percentage=22 set_timed_charge(False)
2026-06-08 04:18:01 battery_level=34141 target_percentage=22 set_timed_charge(False)
2026-06-08 04:19:01 battery_level=22 is within tolerance=0 of target_percentage=22 NO CHANGE
2026-06-08 04:20:01 battery_level=22 is within tolerance=0 of target_percentage=22 NO CHANGE
2026-06-08 04:21:01 battery_level=22 is within tolerance=0 of target_percentage=22 NO CHANGE
2026-06-08 04:22:01 battery_level=22 is within tolerance=0 of target_percentage=22 NO CHANGE
2026-06-08 04:23:02 battery_level=22 is within tolerance=0 of target_percentage=22 NO CHANGE
2026-06-08 04:24:01 battery_level=22 is within tolerance=0 of target_percentage=22 NO CHANGE
2026-06-08 04:25:01 battery_level=22 is within tolerance=0 of target_percentage=22 NO CHANGE
2026-06-08 04:26:01 battery_level=22 is within tolerance=0 of target_percentage=22 NO CHANGE
2026-06-08 04:27:01 battery_level=34149 target_percentage=22 CHANGE set_timed_charge(False)
set_enable_ac_charge current_value True being set to False
set_enable_ac_charge updated_value False
2026-06-08 04:28:02 battery_level=22 is within tolerance=0 of target_percentage=22 NO CHANGE
2026-06-08 04:29:01 battery_level=22 is within tolerance=0 of target_percentage=22 NO CHANGE
2026-06-08 04:30:01 battery_level=22 is within tolerance=0 of target_percentage=22 NO CHANGE
2026-06-08 04:31:01 battery_level=22 is within tolerance=0 of target_percentage=22 NO CHANGE
2026-06-08 04:32:01 battery_level=34154 target_percentage=22 CHANGE set_timed_charge(False)
set_enable_ac_charge current_value True being set to False
set_enable_ac_charge updated_value False
2026-06-08 04:33:01 battery_level=22 is within tolerance=0 of target_percentage=22 NO CHANGE
2026-06-08 04:34:01 battery_level=22 is within tolerance=0 of target_percentage=22 NO CHANGE
2026-06-08 04:35:01 battery_level=22 is within tolerance=0 of target_percentage=22 NO CHANGE
2026-06-08 04:36:01 battery_level=34157 target_percentage=22 set_timed_charge(False)
2026-06-08 04:37:02 battery_level=22 is within tolerance=0 of target_percentage=22 NO CHANGE
2026-06-08 04:38:01 battery_level=22 is within tolerance=0 of target_percentage=22 NO CHANGE
2026-06-08 04:39:01 battery_level=22 is within tolerance=0 of target_percentage=22 NO CHANGE
2026-06-08 04:40:01 battery_level=22 is within tolerance=0 of target_percentage=22 NO CHANGE
2026-06-08 04:41:01 battery_level=22 is within tolerance=0 of target_percentage=22 NO CHANGE
2026-06-08 04:42:01 battery_level=22 is within tolerance=0 of target_percentage=22 NO CHANGE
2026-06-08 04:43:02 battery_level=22 is within tolerance=0 of target_percentage=22 NO CHANGE
2026-06-08 04:44:01 battery_level=21 target_percentage=22 CHANGE set_timed_charge(True)
set_enable_ac_charge current_value False being set to True
set_enable_ac_charge updated_value True
2026-06-08 04:45:01 battery_level=22 is within tolerance=0 of target_percentage=22 NO CHANGE
2026-06-08 04:46:01 battery_level=22 is within tolerance=0 of target_percentage=22 NO CHANGE
2026-06-08 04:47:01 battery_level=23 target_percentage=22 CHANGE set_timed_charge(False)
set_enable_ac_charge current_value True being set to False
set_enable_ac_charge updated_value False
2026-06-08 04:48:01 battery_level=23 target_percentage=22 set_timed_charge(False)
2026-06-08 04:49:01 battery_level=23 target_percentage=22 set_timed_charge(False)
2026-06-08 04:50:01 battery_level=23 target_percentage=22 set_timed_charge(False)
2026-06-08 04:51:02 battery_level=23 target_percentage=22 set_timed_charge(False)
2026-06-08 04:52:01 battery_level=23 target_percentage=22 set_timed_charge(False)
2026-06-08 04:53:01 battery_level=23 target_percentage=22 set_timed_charge(False)
2026-06-08 04:54:01 battery_level=23 target_percentage=22 set_timed_charge(False)
2026-06-08 04:55:01 battery_level=23 target_percentage=22 set_timed_charge(False)
2026-06-08 04:56:01 battery_level=23 target_percentage=22 set_timed_charge(False)
2026-06-08 04:57:01 battery_level=23 target_percentage=22 set_timed_charge(False)
2026-06-08 04:58:01 battery_level=34178 target_percentage=22 set_timed_charge(False)
2026-06-08 04:59:01 battery_level=34178 target_percentage=22 set_timed_charge(False)
2026-06-08 05:00:01 no action
2026-06-08 05:01:01 no action
2026-06-08 05:02:02 no action
2026-06-08 05:03:01 no action
2026-06-08 05:04:01 no action
2026-06-08 05:05:01 no action
2026-06-08 05:06:01 no action
2026-06-08 05:07:01 no action
2026-06-08 05:08:02 no action
2026-06-08 05:09:01 no action
2026-06-08 05:10:01 no action
2026-06-08 05:11:01 no action
2026-06-08 05:12:01 no action
2026-06-08 05:13:01 no action
2026-06-08 05:14:02 no action
2026-06-08 05:15:01 no action
2026-06-08 05:16:01 no action
2026-06-08 05:17:01 no action
2026-06-08 05:18:01 no action
2026-06-08 05:19:02 no action
2026-06-08 05:20:01 no action
2026-06-08 05:21:01 no action
2026-06-08 05:22:01 no action
2026-06-08 05:23:01 no action
2026-06-08 05:24:01 no action
2026-06-08 05:25:02 no action
2026-06-08 05:26:01 no action
2026-06-08 05:27:01 no action
2026-06-08 05:28:01 no action
2026-06-08 05:29:01 no action
2026-06-08 05:30:01 no action
2026-06-08 05:31:02 no action
2026-06-08 05:32:01 no action
2026-06-08 05:33:01 no action
2026-06-08 05:34:01 no action
2026-06-08 05:35:01 no action
2026-06-08 05:36:01 no action
2026-06-08 05:37:02 no action
2026-06-08 05:38:01 no action
2026-06-08 05:39:01 no action
2026-06-08 05:40:01 no action
2026-06-08 05:41:01 no action
2026-06-08 05:42:01 no action
2026-06-08 05:43:02 no action
2026-06-08 05:44:01 no action
2026-06-08 05:45:01 no action
2026-06-08 05:46:01 no action
2026-06-08 05:47:01 no action
2026-06-08 05:48:01 no action
2026-06-08 05:49:02 no action
2026-06-08 05:50:01 no action
2026-06-08 05:51:01 no action
2026-06-08 05:52:01 no action
2026-06-08 05:53:01 no action
2026-06-08 05:54:01 no action
2026-06-08 05:55:02 no action
2026-06-08 05:56:01 no action
2026-06-08 05:57:01 no action
2026-06-08 05:58:01 no action
2026-06-08 05:59:01 no action
2026-06-08 06:00:01 no action
2026-06-08 06:01:02 no action
2026-06-08 06:02:01 no action
2026-06-08 06:03:01 no action
2026-06-08 06:04:01 no action
2026-06-08 06:05:01 no action
2026-06-08 06:06:01 no action
2026-06-08 06:07:02 no action
2026-06-08 06:08:01 no action
2026-06-08 06:09:01 no action
2026-06-08 06:10:01 no action
2026-06-08 06:11:01 no action
2026-06-08 06:12:01 no action
2026-06-08 06:13:02 no action
2026-06-08 06:14:01 no action
2026-06-08 06:15:01 no action
2026-06-08 06:16:01 no action
2026-06-08 06:17:01 no action
2026-06-08 06:18:02 no action
2026-06-08 06:19:01 no action
2026-06-08 06:20:01 no action
2026-06-08 06:21:01 no action
2026-06-08 06:22:01 no action
2026-06-08 06:23:01 no action
2026-06-08 06:24:02 no action
2026-06-08 06:25:01 no action
2026-06-08 06:26:01 no action
2026-06-08 06:27:01 no action
2026-06-08 06:28:01 no action
2026-06-08 06:29:01 no action
2026-06-08 06:30:02 no action
2026-06-08 06:31:01 no action
2026-06-08 06:32:01 no action
2026-06-08 06:33:01 no action
2026-06-08 06:34:01 no action
2026-06-08 06:35:01 no action
2026-06-08 06:36:02 no action
2026-06-08 06:37:01 no action
2026-06-08 06:38:01 no action
2026-06-08 06:39:01 no action
2026-06-08 06:40:01 no action
2026-06-08 06:41:01 no action
2026-06-08 06:42:02 no action
2026-06-08 06:43:01 no action
2026-06-08 06:44:01 no action
2026-06-08 06:45:01 no action
2026-06-08 06:46:01 no action
2026-06-08 06:47:01 no action
2026-06-08 06:48:02 no action
2026-06-08 06:49:01 no action
2026-06-08 06:50:01 no action
2026-06-08 06:51:01 no action
2026-06-08 06:52:01 no action
2026-06-08 06:53:01 no action
2026-06-08 06:54:02 no action
2026-06-08 06:55:01 no action
2026-06-08 06:56:01 no action
2026-06-08 06:57:01 no action
2026-06-08 06:58:01 no action
2026-06-08 06:59:01 no action
2026-06-08 07:00:02 no action
2026-06-08 07:01:01 no action
2026-06-08 07:02:01 no action
2026-06-08 07:03:01 no action
2026-06-08 07:04:01 no action
2026-06-08 07:05:01 no action
2026-06-08 07:06:02 no action
2026-06-08 07:07:01 no action
2026-06-08 07:08:01 no action
2026-06-08 07:09:01 no action
2026-06-08 07:10:01 no action
2026-06-08 07:11:01 no action
2026-06-08 07:12:02 no action
2026-06-08 07:13:01 no action
2026-06-08 07:14:01 no action
2026-06-08 07:15:01 no action
2026-06-08 07:16:01 no action
2026-06-08 07:17:01 no action
2026-06-08 07:18:02 no action
2026-06-08 07:19:01 no action
2026-06-08 07:20:01 no action
2026-06-08 07:21:01 no action
2026-06-08 07:22:01 no action
2026-06-08 07:23:01 no action
2026-06-08 07:24:02 no action
2026-06-08 07:25:01 no action
2026-06-08 07:26:01 no action
2026-06-08 07:27:01 no action
2026-06-08 07:28:01 no action
2026-06-08 07:29:02 no action
2026-06-08 07:30:01 no action
2026-06-08 07:31:01 no action
2026-06-08 07:32:01 no action
2026-06-08 07:33:01 no action
2026-06-08 07:34:01 no action
2026-06-08 07:35:02 no action
2026-06-08 07:36:01 no action
2026-06-08 07:37:01 no action
2026-06-08 07:38:01 no action
2026-06-08 07:39:01 no action
2026-06-08 07:40:01 no action
2026-06-08 07:41:02 no action
2026-06-08 07:42:01 no action
2026-06-08 07:43:01 no action
2026-06-08 07:44:01 no action
2026-06-08 07:45:01 no action
2026-06-08 07:46:01 no action
2026-06-08 07:47:01 no action
2026-06-08 07:48:01 no action
2026-06-08 07:49:01 no action
2026-06-08 07:50:02 no action
2026-06-08 07:51:01 no action
2026-06-08 07:52:01 no action
2026-06-08 07:53:01 no action
2026-06-08 07:54:01 no action
2026-06-08 07:55:01 no action
2026-06-08 07:56:02 no action
2026-06-08 07:57:01 no action
bash: line 1: venv/bin/activate: No such file or directory
bash: line 1: venv/bin/activate: No such file or directory
2026-06-08 08:07:02 no action
2026-06-08 08:08:01 no action
2026-06-08 08:09:01 no action
2026-06-08 08:10:01 no action
2026-06-08 08:11:01 no action
2026-06-08 08:12:02 no action
2026-06-08 08:13:01 no action
2026-06-08 08:14:01 no action
bash: line 1: venv/bin/activate: No such file or directory
2026-06-08 08:16:01 no action
2026-06-08 08:17:01 no action
2026-06-08 08:18:02 no action
2026-06-08 08:19:01 no action
2026-06-08 08:20:01 no action
2026-06-08 08:21:01 no action
2026-06-08 08:22:01 no action
2026-06-08 08:23:01 no action
2026-06-08 08:24:01 no action
bash: line 1: venv/bin/activate: No such file or directory
2026-06-08 08:26:01 no action
2026-06-08 08:27:01 no action
2026-06-08 08:28:01 no action
2026-06-08 08:29:01 no action
bash: line 1: venv/bin/activate: No such file or directory
2026-06-08 08:31:02 no action
2026-06-08 08:32:01 no action
2026-06-08 08:33:01 no action
2026-06-08 08:34:01 no action
bash: line 1: venv/bin/activate: No such file or directory
2026-06-08 08:36:01 no action
2026-06-08 08:37:02 no action
2026-06-08 08:38:01 no action
2026-06-08 08:39:01 no action
bash: line 1: venv/bin/activate: No such file or directory
2026-06-08 08:41:01 no action
2026-06-08 08:42:01 no action
2026-06-08 08:43:02 no action
2026-06-08 08:44:01 no action
bash: line 1: venv/bin/activate: No such file or directory
2026-06-08 08:46:01 no action
2026-06-08 08:47:01 no action
2026-06-08 08:48:01 no action
2026-06-08 08:49:02 no action
2026-06-08 08:50:01 no action
2026-06-08 08:51:01 no action
2026-06-08 08:52:01 no action
2026-06-08 08:53:01 no action
2026-06-08 08:54:01 no action
2026-06-08 08:55:02 no action
2026-06-08 08:56:01 no action
2026-06-08 08:57:01 no action
2026-06-08 08:58:01 no action
2026-06-08 08:59:01 no action
2026-06-08 09:00:01 no action
2026-06-08 09:01:01 no action
2026-06-08 09:02:01 no action
2026-06-08 09:03:01 no action
2026-06-08 09:04:01 no action
2026-06-08 09:05:01 no action
2026-06-08 09:06:01 no action
2026-06-08 09:07:01 no action
2026-06-08 09:08:01 no action
2026-06-08 09:09:01 no action
2026-06-08 09:10:01 no action
2026-06-08 09:11:01 no action
2026-06-08 09:12:02 no action
2026-06-08 09:13:01 no action
2026-06-08 09:14:01 no action
bash: line 1: venv/bin/activate: No such file or directory
2026-06-08 09:16:01 no action
2026-06-08 09:17:01 no action
2026-06-08 09:18:02 no action
2026-06-08 09:19:01 no action
2026-06-08 09:20:01 no action
2026-06-08 09:21:01 no action
2026-06-08 09:22:01 no action
2026-06-08 09:23:01 no action
2026-06-08 09:24:02 no action
2026-06-08 09:25:01 no action
2026-06-08 09:26:01 no action
2026-06-08 09:27:01 no action
2026-06-08 09:28:01 no action
2026-06-08 09:29:01 no action
2026-06-08 09:30:02 no action
2026-06-08 09:31:01 no action
2026-06-08 09:32:01 no action
2026-06-08 09:33:01 no action
2026-06-08 09:34:01 no action
2026-06-08 09:35:01 no action
2026-06-08 09:36:02 no action
2026-06-08 09:37:01 no action
2026-06-08 09:38:01 no action
2026-06-08 09:39:01 no action
2026-06-08 09:40:01 no action
Traceback (most recent call last):
  File "/app/src/forecast_pipeline.py", line 10, in <module>
    CalcError().run()
  File "/app/src/calc_error.py", line 55, in run
    actual_total, actual_count = self.calculate_actual_total(self.actuals_data)
                                 ^^^^^^^^^^^^^^^^^^^^^^^^^^^^^^^^^^^^^^^^^^^^^^
  File "/app/src/calc_error.py", line 44, in calculate_actual_total
    total += sum(period.values())
                 ^^^^^^^^^^^^^
AttributeError: 'float' object has no attribute 'values'
2026-06-08 09:45:01 no action
Traceback (most recent call last):
  File "/app/src/forecast_pipeline.py", line 10, in <module>
    CalcError().run()
  File "/app/src/calc_error.py", line 55, in run
    actual_total, actual_count = self.calculate_actual_total(self.actuals_data)
                                 ^^^^^^^^^^^^^^^^^^^^^^^^^^^^^^^^^^^^^^^^^^^^^^
  File "/app/src/calc_error.py", line 44, in calculate_actual_total
    total += sum(period.values())
                 ^^^^^^^^^^^^^
AttributeError: 'float' object has no attribute 'values'
Traceback (most recent call last):
  File "/app/src/forecast_pipeline.py", line 10, in <module>
    CalcError().run()
  File "/app/src/calc_error.py", line 55, in run
    actual_total, actual_count = self.calculate_actual_total(self.actuals_data)
                                 ^^^^^^^^^^^^^^^^^^^^^^^^^^^^^^^^^^^^^^^^^^^^^^
  File "/app/src/calc_error.py", line 44, in calculate_actual_total
    total += sum(period.values())
                 ^^^^^^^^^^^^^
AttributeError: 'float' object has no attribute 'values'
2026-06-08 09:50:02 no action
2026-06-08 09:55:01 no action
Traceback (most recent call last):
  File "/app/src/forecast_pipeline.py", line 10, in <module>
    CalcError().run()
  File "/app/src/calc_error.py", line 55, in run
    actual_total, actual_count = self.calculate_actual_total(self.actuals_data)
                                 ^^^^^^^^^^^^^^^^^^^^^^^^^^^^^^^^^^^^^^^^^^^^^^
  File "/app/src/calc_error.py", line 44, in calculate_actual_total
    total += sum(period.values())
                 ^^^^^^^^^^^^^
AttributeError: 'float' object has no attribute 'values'
bash: line 1: venv/bin/activate: No such file or directory
Traceback (most recent call last):
  File "/app/src/forecast_pipeline.py", line 10, in <module>
    CalcError().run()
  File "/app/src/calc_error.py", line 55, in run
    actual_total, actual_count = self.calculate_actual_total(self.actuals_data)
                                 ^^^^^^^^^^^^^^^^^^^^^^^^^^^^^^^^^^^^^^^^^^^^^^
  File "/app/src/calc_error.py", line 44, in calculate_actual_total
    total += sum(period.values())
                 ^^^^^^^^^^^^^
AttributeError: 'float' object has no attribute 'values'
2026-06-08 10:05:01 no action
2026-06-08 10:10:01 no action
Traceback (most recent call last):
  File "/app/src/forecast_pipeline.py", line 10, in <module>
    CalcError().run()
  File "/app/src/calc_error.py", line 55, in run
    actual_total, actual_count = self.calculate_actual_total(self.actuals_data)
                                 ^^^^^^^^^^^^^^^^^^^^^^^^^^^^^^^^^^^^^^^^^^^^^^
  File "/app/src/calc_error.py", line 44, in calculate_actual_total
    total += sum(period.values())
                 ^^^^^^^^^^^^^
AttributeError: 'float' object has no attribute 'values'
2026-06-08 10:15:02 no action
Traceback (most recent call last):
  File "/app/src/forecast_pipeline.py", line 10, in <module>
    CalcError().run()
  File "/app/src/calc_error.py", line 55, in run
    actual_total, actual_count = self.calculate_actual_total(self.actuals_data)
                                 ^^^^^^^^^^^^^^^^^^^^^^^^^^^^^^^^^^^^^^^^^^^^^^
  File "/app/src/calc_error.py", line 44, in calculate_actual_total
    total += sum(period.values())
                 ^^^^^^^^^^^^^
AttributeError: 'float' object has no attribute 'values'
2026-06-08 10:20:01 no action
Traceback (most recent call last):
  File "/app/src/forecast_pipeline.py", line 10, in <module>
    CalcError().run()
  File "/app/src/calc_error.py", line 55, in run
    actual_total, actual_count = self.calculate_actual_total(self.actuals_data)
                                 ^^^^^^^^^^^^^^^^^^^^^^^^^^^^^^^^^^^^^^^^^^^^^^
  File "/app/src/calc_error.py", line 44, in calculate_actual_total
    total += sum(period.values())
                 ^^^^^^^^^^^^^
AttributeError: 'float' object has no attribute 'values'
bash: line 1: venv/bin/activate: No such file or directory
2026-06-08 10:30:01 no action
Traceback (most recent call last):
  File "/app/src/forecast_pipeline.py", line 10, in <module>
    CalcError().run()
  File "/app/src/calc_error.py", line 55, in run
    actual_total, actual_count = self.calculate_actual_total(self.actuals_data)
                                 ^^^^^^^^^^^^^^^^^^^^^^^^^^^^^^^^^^^^^^^^^^^^^^
  File "/app/src/calc_error.py", line 44, in calculate_actual_total
    total += sum(period.values())
                 ^^^^^^^^^^^^^
AttributeError: 'float' object has no attribute 'values'
bash: line 1: venv/bin/activate: No such file or directory
2026-06-08 10:40:01 no action
Traceback (most recent call last):
  File "/app/src/forecast_pipeline.py", line 10, in <module>
    CalcError().run()
  File "/app/src/calc_error.py", line 55, in run
    actual_total, actual_count = self.calculate_actual_total(self.actuals_data)
                                 ^^^^^^^^^^^^^^^^^^^^^^^^^^^^^^^^^^^^^^^^^^^^^^
  File "/app/src/calc_error.py", line 44, in calculate_actual_total
    total += sum(period.values())
                 ^^^^^^^^^^^^^
AttributeError: 'float' object has no attribute 'values'
Traceback (most recent call last):
  File "/app/src/forecast_pipeline.py", line 10, in <module>
    CalcError().run()
  File "/app/src/calc_error.py", line 55, in run
    actual_total, actual_count = self.calculate_actual_total(self.actuals_data)
                                 ^^^^^^^^^^^^^^^^^^^^^^^^^^^^^^^^^^^^^^^^^^^^^^
  File "/app/src/calc_error.py", line 44, in calculate_actual_total
    total += sum(period.values())
                 ^^^^^^^^^^^^^
AttributeError: 'float' object has no attribute 'values'
2026-06-08 10:45:01 no action
bash: line 1: venv/bin/activate: No such file or directory
2026-06-08 10:55:01 no action
Traceback (most recent call last):
  File "/app/src/forecast_pipeline.py", line 10, in <module>
    CalcError().run()
  File "/app/src/calc_error.py", line 55, in run
    actual_total, actual_count = self.calculate_actual_total(self.actuals_data)
                                 ^^^^^^^^^^^^^^^^^^^^^^^^^^^^^^^^^^^^^^^^^^^^^^
  File "/app/src/calc_error.py", line 44, in calculate_actual_total
    total += sum(period.values())
                 ^^^^^^^^^^^^^
AttributeError: 'float' object has no attribute 'values'
2026-06-08 11:00:02 no action
Traceback (most recent call last):
  File "/app/src/forecast_pipeline.py", line 10, in <module>
    CalcError().run()
  File "/app/src/calc_error.py", line 55, in run
    actual_total, actual_count = self.calculate_actual_total(self.actuals_data)
                                 ^^^^^^^^^^^^^^^^^^^^^^^^^^^^^^^^^^^^^^^^^^^^^^
  File "/app/src/calc_error.py", line 44, in calculate_actual_total
    total += sum(period.values())
                 ^^^^^^^^^^^^^
AttributeError: 'float' object has no attribute 'values'
2026-06-08 11:05:01 no action
Traceback (most recent call last):
  File "/app/src/forecast_pipeline.py", line 10, in <module>
    CalcError().run()
  File "/app/src/calc_error.py", line 55, in run
    actual_total, actual_count = self.calculate_actual_total(self.actuals_data)
                                 ^^^^^^^^^^^^^^^^^^^^^^^^^^^^^^^^^^^^^^^^^^^^^^
  File "/app/src/calc_error.py", line 44, in calculate_actual_total
    total += sum(period.values())
                 ^^^^^^^^^^^^^
AttributeError: 'float' object has no attribute 'values'
bash: line 1: venv/bin/activate: No such file or directory
bash: line 1: venv/bin/activate: No such file or directory
2026-06-08 11:20:02 no action
Traceback (most recent call last):
  File "/app/src/forecast_pipeline.py", line 10, in <module>
    CalcError().run()
  File "/app/src/calc_error.py", line 55, in run
    actual_total, actual_count = self.calculate_actual_total(self.actuals_data)
                                 ^^^^^^^^^^^^^^^^^^^^^^^^^^^^^^^^^^^^^^^^^^^^^^
  File "/app/src/calc_error.py", line 44, in calculate_actual_total
    total += sum(period.values())
                 ^^^^^^^^^^^^^
AttributeError: 'float' object has no attribute 'values'
bash: line 1: venv/bin/activate: No such file or directory
bash: line 1: venv/bin/activate: No such file or directory
bash: line 1: venv/bin/activate: No such file or directory
bash: line 1: venv/bin/activate: No such file or directory
bash: line 1: venv/bin/activate: No such file or directory
bash: line 1: venv/bin/activate: No such file or directory
bash: line 1: venv/bin/activate: No such file or directory
bash: line 1: venv/bin/activate: No such file or directory
bash: line 1: venv/bin/activate: No such file or directory
bash: line 1: venv/bin/activate: No such file or directory
bash: line 1: venv/bin/activate: No such file or directory
bash: line 1: venv/bin/activate: No such file or directory
bash: line 1: venv/bin/activate: No such file or directory
Traceback (most recent call last):
  File "/app/src/forecast_pipeline.py", line 10, in <module>
    CalcError().run()
  File "/app/src/calc_error.py", line 55, in run
    actual_total, actual_count = self.calculate_actual_total(self.actuals_data)
                                 ^^^^^^^^^^^^^^^^^^^^^^^^^^^^^^^^^^^^^^^^^^^^^^
  File "/app/src/calc_error.py", line 44, in calculate_actual_total
    total += sum(period.values())
                 ^^^^^^^^^^^^^
AttributeError: 'float' object has no attribute 'values'
2026-06-08 12:30:02 no action
bash: line 1: venv/bin/activate: No such file or directory
Traceback (most recent call last):
  File "/app/src/forecast_pipeline.py", line 10, in <module>
    CalcError().run()
  File "/app/src/calc_error.py", line 55, in run
    actual_total, actual_count = self.calculate_actual_total(self.actuals_data)
                                 ^^^^^^^^^^^^^^^^^^^^^^^^^^^^^^^^^^^^^^^^^^^^^^
  File "/app/src/calc_error.py", line 44, in calculate_actual_total
    total += sum(period.values())
                 ^^^^^^^^^^^^^
AttributeError: 'float' object has no attribute 'values'
2026-06-08 12:40:01 no action
2026-06-08 12:45:01 no action
Traceback (most recent call last):
  File "/app/src/forecast_pipeline.py", line 10, in <module>
    CalcError().run()
  File "/app/src/calc_error.py", line 55, in run
    actual_total, actual_count = self.calculate_actual_total(self.actuals_data)
                                 ^^^^^^^^^^^^^^^^^^^^^^^^^^^^^^^^^^^^^^^^^^^^^^
  File "/app/src/calc_error.py", line 44, in calculate_actual_total
    total += sum(period.values())
                 ^^^^^^^^^^^^^
AttributeError: 'float' object has no attribute 'values'
bash: line 1: venv/bin/activate: No such file or directory
bash: line 1: venv/bin/activate: No such file or directory
2026-06-08 14:20:01 no action
Traceback (most recent call last):
  File "/app/src/forecast_pipeline.py", line 10, in <module>
    CalcError().run()
  File "/app/src/calc_error.py", line 55, in run
    actual_total, actual_count = self.calculate_actual_total(self.actuals_data)
                                 ^^^^^^^^^^^^^^^^^^^^^^^^^^^^^^^^^^^^^^^^^^^^^^
  File "/app/src/calc_error.py", line 44, in calculate_actual_total
    total += sum(period.values())
                 ^^^^^^^^^^^^^
AttributeError: 'float' object has no attribute 'values'
2026-06-08 14:25:01 no action
Traceback (most recent call last):
  File "/app/src/forecast_pipeline.py", line 10, in <module>
    CalcError().run()
  File "/app/src/calc_error.py", line 55, in run
    actual_total, actual_count = self.calculate_actual_total(self.actuals_data)
                                 ^^^^^^^^^^^^^^^^^^^^^^^^^^^^^^^^^^^^^^^^^^^^^^
  File "/app/src/calc_error.py", line 44, in calculate_actual_total
    total += sum(period.values())
                 ^^^^^^^^^^^^^
AttributeError: 'float' object has no attribute 'values'
2026-06-08 14:30:02 no action
Traceback (most recent call last):
  File "/app/src/forecast_pipeline.py", line 10, in <module>
    CalcError().run()
  File "/app/src/calc_error.py", line 55, in run
    actual_total, actual_count = self.calculate_actual_total(self.actuals_data)
                                 ^^^^^^^^^^^^^^^^^^^^^^^^^^^^^^^^^^^^^^^^^^^^^^
  File "/app/src/calc_error.py", line 44, in calculate_actual_total
    total += sum(period.values())
                 ^^^^^^^^^^^^^
AttributeError: 'float' object has no attribute 'values'
2026-06-08 14:35:01 no action
Traceback (most recent call last):
  File "/app/src/forecast_pipeline.py", line 10, in <module>
    CalcError().run()
  File "/app/src/calc_error.py", line 55, in run
    actual_total, actual_count = self.calculate_actual_total(self.actuals_data)
                                 ^^^^^^^^^^^^^^^^^^^^^^^^^^^^^^^^^^^^^^^^^^^^^^
  File "/app/src/calc_error.py", line 44, in calculate_actual_total
    total += sum(period.values())
                 ^^^^^^^^^^^^^
AttributeError: 'float' object has no attribute 'values'
2026-06-08 14:40:01 no action
Traceback (most recent call last):
  File "/app/src/forecast_pipeline.py", line 10, in <module>
    CalcError().run()
  File "/app/src/calc_error.py", line 55, in run
    actual_total, actual_count = self.calculate_actual_total(self.actuals_data)
                                 ^^^^^^^^^^^^^^^^^^^^^^^^^^^^^^^^^^^^^^^^^^^^^^
  File "/app/src/calc_error.py", line 44, in calculate_actual_total
    total += sum(period.values())
                 ^^^^^^^^^^^^^
AttributeError: 'float' object has no attribute 'values'
2026-06-08 14:45:01 no action
Traceback (most recent call last):
  File "/app/src/forecast_pipeline.py", line 10, in <module>
    CalcError().run()
  File "/app/src/calc_error.py", line 55, in run
    actual_total, actual_count = self.calculate_actual_total(self.actuals_data)
                                 ^^^^^^^^^^^^^^^^^^^^^^^^^^^^^^^^^^^^^^^^^^^^^^
  File "/app/src/calc_error.py", line 44, in calculate_actual_total
    total += sum(period.values())
                 ^^^^^^^^^^^^^
AttributeError: 'float' object has no attribute 'values'
2026-06-08 14:50:01 no action
Traceback (most recent call last):
  File "/app/src/forecast_pipeline.py", line 10, in <module>
    CalcError().run()
  File "/app/src/calc_error.py", line 55, in run
    actual_total, actual_count = self.calculate_actual_total(self.actuals_data)
                                 ^^^^^^^^^^^^^^^^^^^^^^^^^^^^^^^^^^^^^^^^^^^^^^
  File "/app/src/calc_error.py", line 44, in calculate_actual_total
    total += sum(period.values())
                 ^^^^^^^^^^^^^
AttributeError: 'float' object has no attribute 'values'
2026-06-08 14:55:02 no action
Traceback (most recent call last):
  File "/app/src/forecast_pipeline.py", line 10, in <module>
    CalcError().run()
  File "/app/src/calc_error.py", line 55, in run
    actual_total, actual_count = self.calculate_actual_total(self.actuals_data)
                                 ^^^^^^^^^^^^^^^^^^^^^^^^^^^^^^^^^^^^^^^^^^^^^^
  File "/app/src/calc_error.py", line 44, in calculate_actual_total
    total += sum(period.values())
                 ^^^^^^^^^^^^^
AttributeError: 'float' object has no attribute 'values'
2026-06-08 15:00:01 no action
Traceback (most recent call last):
  File "/app/src/forecast_pipeline.py", line 10, in <module>
    CalcError().run()
  File "/app/src/calc_error.py", line 55, in run
    actual_total, actual_count = self.calculate_actual_total(self.actuals_data)
                                 ^^^^^^^^^^^^^^^^^^^^^^^^^^^^^^^^^^^^^^^^^^^^^^
  File "/app/src/calc_error.py", line 44, in calculate_actual_total
    total += sum(period.values())
                 ^^^^^^^^^^^^^
AttributeError: 'float' object has no attribute 'values'
2026-06-08 15:05:01 no action
Traceback (most recent call last):
  File "/app/src/forecast_pipeline.py", line 10, in <module>
    CalcError().run()
  File "/app/src/calc_error.py", line 55, in run
    actual_total, actual_count = self.calculate_actual_total(self.actuals_data)
                                 ^^^^^^^^^^^^^^^^^^^^^^^^^^^^^^^^^^^^^^^^^^^^^^
  File "/app/src/calc_error.py", line 44, in calculate_actual_total
    total += sum(period.values())
                 ^^^^^^^^^^^^^
AttributeError: 'float' object has no attribute 'values'
2026-06-08 15:10:01 no action
Traceback (most recent call last):
  File "/app/src/forecast_pipeline.py", line 10, in <module>
    CalcError().run()
  File "/app/src/calc_error.py", line 55, in run
    actual_total, actual_count = self.calculate_actual_total(self.actuals_data)
                                 ^^^^^^^^^^^^^^^^^^^^^^^^^^^^^^^^^^^^^^^^^^^^^^
  File "/app/src/calc_error.py", line 44, in calculate_actual_total
    total += sum(period.values())
                 ^^^^^^^^^^^^^
AttributeError: 'float' object has no attribute 'values'
2026-06-08 15:15:02 no action
Traceback (most recent call last):
  File "/app/src/forecast_pipeline.py", line 10, in <module>
    CalcError().run()
  File "/app/src/calc_error.py", line 55, in run
    actual_total, actual_count = self.calculate_actual_total(self.actuals_data)
                                 ^^^^^^^^^^^^^^^^^^^^^^^^^^^^^^^^^^^^^^^^^^^^^^
  File "/app/src/calc_error.py", line 44, in calculate_actual_total
    total += sum(period.values())
                 ^^^^^^^^^^^^^
AttributeError: 'float' object has no attribute 'values'
2026-06-08 15:20:01 no action
Traceback (most recent call last):
  File "/app/src/forecast_pipeline.py", line 10, in <module>
    CalcError().run()
  File "/app/src/calc_error.py", line 55, in run
    actual_total, actual_count = self.calculate_actual_total(self.actuals_data)
                                 ^^^^^^^^^^^^^^^^^^^^^^^^^^^^^^^^^^^^^^^^^^^^^^
  File "/app/src/calc_error.py", line 44, in calculate_actual_total
    total += sum(period.values())
                 ^^^^^^^^^^^^^
AttributeError: 'float' object has no attribute 'values'
2026-06-08 15:25:01 no action
Traceback (most recent call last):
  File "/app/src/forecast_pipeline.py", line 10, in <module>
    CalcError().run()
  File "/app/src/calc_error.py", line 55, in run
    actual_total, actual_count = self.calculate_actual_total(self.actuals_data)
                                 ^^^^^^^^^^^^^^^^^^^^^^^^^^^^^^^^^^^^^^^^^^^^^^
  File "/app/src/calc_error.py", line 44, in calculate_actual_total
    total += sum(period.values())
                 ^^^^^^^^^^^^^
AttributeError: 'float' object has no attribute 'values'
2026-06-08 15:33:01 no action
2026-06-08 15:35:01 no action
2026-06-08 15:36:01 no action
2026-06-08 15:37:01 no action
2026-06-08 15:38:01 no action
2026-06-08 15:39:01 no action
2026-06-08 15:40:02 no action
2026-06-08 15:41:01 no action
2026-06-08 15:42:01 no action
2026-06-08 15:43:01 no action
2026-06-08 15:44:01 no action
2026-06-08 15:45:01 no action
2026-06-08 15:46:01 no action
2026-06-08 15:47:01 no action
2026-06-08 15:48:01 no action
2026-06-08 15:49:01 no action
2026-06-08 15:50:01 no action
2026-06-08 15:51:02 no action
2026-06-08 15:52:01 no action
2026-06-08 15:53:01 no action
2026-06-08 15:54:01 no action
2026-06-08 15:55:01 no action
2026-06-08 15:56:01 no action
2026-06-08 15:57:02 no action
2026-06-08 15:58:01 no action
2026-06-08 15:59:01 no action
2026-06-08 16:00:01 battery_level=28788 target_percentage=30 set_timed_export(True)
2026-06-08 16:01:01 battery_level=100 target_percentage=29 set_timed_export(True)
2026-06-08 16:02:01 battery_level=100 target_percentage=29 set_timed_export(True)
2026-06-08 16:03:02 battery_level=100 target_percentage=29 set_timed_export(True)
2026-06-08 16:04:01 battery_level=28791 target_percentage=29 set_timed_export(True)
2026-06-08 16:05:01 battery_level=100 target_percentage=29 set_timed_export(True)
2026-06-08 16:06:01 battery_level=100 target_percentage=29 set_timed_export(True)
2026-06-08 16:07:01 battery_level=28794 target_percentage=29 set_timed_export(True)
2026-06-08 16:08:01 battery_level=100 target_percentage=29 set_timed_export(True)
2026-06-08 16:09:02 battery_level=100 target_percentage=29 set_timed_export(True)
2026-06-08 16:10:01 battery_level=100 target_percentage=29 set_timed_export(True)
2026-06-08 16:11:01 battery_level=100 target_percentage=28 set_timed_export(True)
2026-06-08 16:12:01 battery_level=100 target_percentage=28 set_timed_export(True)
2026-06-08 16:13:01 battery_level=100 target_percentage=28 set_timed_export(True)
2026-06-08 16:14:02 battery_level=28800 target_percentage=28 set_timed_export(True)
2026-06-08 16:15:01 battery_level=100 target_percentage=28 set_timed_export(True)
2026-06-08 16:16:01 battery_level=100 target_percentage=28 set_timed_export(True)
2026-06-08 16:17:01 battery_level=100 target_percentage=28 set_timed_export(True)
2026-06-08 16:18:01 battery_level=100 target_percentage=28 set_timed_export(True)
2026-06-08 16:19:01 battery_level=100 target_percentage=28 set_timed_export(True)
2026-06-08 16:20:02 battery_level=100 target_percentage=28 set_timed_export(True)
2026-06-08 16:21:01 battery_level=100 target_percentage=28 set_timed_export(True)
2026-06-08 16:22:01 battery_level=100 target_percentage=27 set_timed_export(True)
2026-06-08 16:23:01 battery_level=100 target_percentage=27 set_timed_export(True)
2026-06-08 16:24:01 battery_level=28809 target_percentage=27 set_timed_export(True)
2026-06-08 16:25:01 battery_level=100 target_percentage=27 set_timed_export(True)
2026-06-08 16:26:01 battery_level=100 target_percentage=27 set_timed_export(True)
2026-06-08 16:27:01 battery_level=100 target_percentage=27 set_timed_export(True)
2026-06-08 16:28:01 battery_level=100 target_percentage=27 set_timed_export(True)
2026-06-08 16:29:01 battery_level=100 target_percentage=27 set_timed_export(True)
2026-06-08 16:30:01 battery_level=100 target_percentage=27 set_timed_export(True)
2026-06-08 16:31:02 battery_level=100 target_percentage=27 set_timed_export(True)
2026-06-08 16:32:01 battery_level=100 target_percentage=27 set_timed_export(True)
2026-06-08 16:33:01 battery_level=100 target_percentage=26 set_timed_export(True)
2026-06-08 16:34:01 battery_level=100 target_percentage=26 set_timed_export(True)
2026-06-08 16:35:01 battery_level=100 target_percentage=26 set_timed_export(True)
2026-06-08 16:36:01 battery_level=28820 target_percentage=26 set_timed_export(True)
2026-06-08 16:37:02 battery_level=100 target_percentage=26 set_timed_export(True)
2026-06-08 16:38:01 battery_level=100 target_percentage=26 set_timed_export(True)
2026-06-08 16:39:01 battery_level=28823 target_percentage=26 set_timed_export(True)
2026-06-08 16:40:01 battery_level=100 target_percentage=26 set_timed_export(True)
2026-06-08 16:41:01 battery_level=100 target_percentage=26 set_timed_export(True)
2026-06-08 16:42:02 battery_level=100 target_percentage=26 set_timed_export(True)
2026-06-08 16:43:01 battery_level=28827 target_percentage=25 set_timed_export(True)
2026-06-08 16:44:01 battery_level=100 target_percentage=25 set_timed_export(True)
2026-06-08 16:45:01 battery_level=100 target_percentage=25 set_timed_export(True)
2026-06-08 16:46:01 battery_level=100 target_percentage=25 set_timed_export(True)
2026-06-08 16:47:01 battery_level=100 target_percentage=25 set_timed_export(True)
2026-06-08 16:48:02 battery_level=100 target_percentage=25 set_timed_export(True)
2026-06-08 16:49:01 battery_level=100 target_percentage=25 set_timed_export(True)
2026-06-08 16:50:01 battery_level=99 target_percentage=25 set_timed_export(True)
2026-06-08 16:51:01 battery_level=99 target_percentage=25 set_timed_export(True)
2026-06-08 16:52:01 battery_level=99 target_percentage=25 set_timed_export(True)
2026-06-08 16:53:01 battery_level=99 target_percentage=25 set_timed_export(True)
2026-06-08 16:54:01 battery_level=99 target_percentage=24 set_timed_export(True)
2026-06-08 16:55:01 battery_level=98 target_percentage=24 set_timed_export(True)
2026-06-08 16:56:01 battery_level=98 target_percentage=24 set_timed_export(True)
2026-06-08 16:57:01 battery_level=98 target_percentage=24 set_timed_export(True)
2026-06-08 16:58:01 battery_level=28840 target_percentage=24 set_timed_export(True)
2026-06-08 16:59:02 battery_level=97 target_percentage=24 set_timed_export(True)
2026-06-08 17:00:01 battery_level=97 target_percentage=24 set_timed_export(True)
2026-06-08 17:01:01 battery_level=97 target_percentage=24 set_timed_export(True)
2026-06-08 17:02:01 battery_level=97 target_percentage=24 set_timed_export(True)
2026-06-08 17:03:01 battery_level=96 target_percentage=24 set_timed_export(True)
2026-06-08 17:04:01 battery_level=96 target_percentage=24 set_timed_export(True)
2026-06-08 17:05:01 battery_level=96 target_percentage=23 set_timed_export(True)
2026-06-08 17:06:01 battery_level=96 target_percentage=23 set_timed_export(True)
2026-06-08 17:07:01 battery_level=96 target_percentage=23 set_timed_export(True)
2026-06-08 17:08:01 battery_level=96 target_percentage=23 set_timed_export(True)
2026-06-08 17:09:01 battery_level=28850 target_percentage=23 set_timed_export(True)
2026-06-08 17:10:02 battery_level=96 target_percentage=23 set_timed_export(True)
2026-06-08 17:11:01 battery_level=96 target_percentage=23 set_timed_export(True)
2026-06-08 17:12:01 battery_level=96 target_percentage=23 set_timed_export(True)
2026-06-08 17:13:01 battery_level=96 target_percentage=23 set_timed_export(True)
2026-06-08 17:14:01 battery_level=96 target_percentage=23 set_timed_export(True)
2026-06-08 17:15:01 battery_level=28856 target_percentage=23 set_timed_export(True)
2026-06-08 17:16:01 battery_level=95 target_percentage=22 set_timed_export(True)
2026-06-08 17:17:01 battery_level=95 target_percentage=22 set_timed_export(True)
2026-06-08 17:18:01 battery_level=95 target_percentage=22 set_timed_export(True)
2026-06-08 17:19:01 battery_level=95 target_percentage=22 set_timed_export(True)
2026-06-08 17:20:01 battery_level=95 target_percentage=22 set_timed_export(True)
2026-06-08 17:21:02 battery_level=95 target_percentage=22 set_timed_export(True)
2026-06-08 17:22:01 battery_level=95 target_percentage=22 set_timed_export(True)
2026-06-08 17:23:01 battery_level=94 target_percentage=22 set_timed_export(True)
2026-06-08 17:24:01 battery_level=94 target_percentage=22 set_timed_export(True)
2026-06-08 17:25:01 battery_level=94 target_percentage=22 set_timed_export(True)
2026-06-08 17:26:01 battery_level=94 target_percentage=21 set_timed_export(True)
2026-06-08 17:27:02 battery_level=93 target_percentage=21 set_timed_export(True)
2026-06-08 17:28:01 battery_level=28868 target_percentage=21 set_timed_export(True)
2026-06-08 17:29:01 battery_level=93 target_percentage=21 set_timed_export(True)
2026-06-08 17:30:01 battery_level=93 target_percentage=21 set_timed_export(True)
2026-06-08 17:31:01 battery_level=93 target_percentage=21 set_timed_export(True)
2026-06-08 17:32:02 battery_level=93 target_percentage=21 set_timed_export(True)
2026-06-08 17:33:01 battery_level=93 target_percentage=21 set_timed_export(True)
2026-06-08 17:34:01 battery_level=93 target_percentage=21 set_timed_export(True)
2026-06-08 17:35:01 battery_level=92 target_percentage=21 set_timed_export(True)
2026-06-08 17:36:01 battery_level=28875 target_percentage=21 set_timed_export(True)
2026-06-08 17:37:01 battery_level=92 target_percentage=20 set_timed_export(True)
2026-06-08 17:38:02 battery_level=92 target_percentage=20 set_timed_export(True)
2026-06-08 17:39:01 battery_level=92 target_percentage=20 set_timed_export(True)
2026-06-08 17:40:01 battery_level=92 target_percentage=20 set_timed_export(True)
2026-06-08 17:41:01 battery_level=91 target_percentage=20 set_timed_export(True)
2026-06-08 17:42:01 battery_level=28881 target_percentage=20 set_timed_export(True)
2026-06-08 17:43:01 battery_level=91 target_percentage=20 set_timed_export(True)
2026-06-08 17:44:01 battery_level=91 target_percentage=20 set_timed_export(True)
2026-06-08 17:45:01 battery_level=91 target_percentage=20 set_timed_export(True)
2026-06-08 17:46:01 battery_level=91 target_percentage=20 set_timed_export(True)
2026-06-08 17:47:01 battery_level=90 target_percentage=20 set_timed_export(True)
2026-06-08 17:48:01 battery_level=90 target_percentage=19 set_timed_export(True)
2026-06-08 17:49:02 battery_level=90 target_percentage=19 set_timed_export(True)
2026-06-08 17:50:01 battery_level=90 target_percentage=19 set_timed_export(True)
2026-06-08 17:51:01 battery_level=90 target_percentage=19 set_timed_export(True)
2026-06-08 17:52:01 battery_level=89 target_percentage=19 set_timed_export(True)
2026-06-08 17:53:01 battery_level=89 target_percentage=19 set_timed_export(True)
2026-06-08 17:54:01 battery_level=89 target_percentage=19 set_timed_export(True)
2026-06-08 17:55:01 battery_level=89 target_percentage=19 set_timed_export(True)
2026-06-08 17:56:01 battery_level=89 target_percentage=19 set_timed_export(True)
2026-06-08 17:57:01 battery_level=89 target_percentage=19 set_timed_export(True)
2026-06-08 17:58:01 battery_level=88 target_percentage=18 set_timed_export(True)
2026-06-08 17:59:01 battery_level=88 target_percentage=18 set_timed_export(True)
2026-06-08 18:00:02 battery_level=88 target_percentage=18 set_timed_export(True)
2026-06-08 18:01:01 battery_level=88 target_percentage=18 set_timed_export(True)
2026-06-08 18:02:01 battery_level=88 target_percentage=18 set_timed_export(True)
2026-06-08 18:03:01 battery_level=87 target_percentage=18 set_timed_export(True)
2026-06-08 18:04:01 battery_level=87 target_percentage=18 set_timed_export(True)
2026-06-08 18:05:01 battery_level=87 target_percentage=18 set_timed_export(True)
2026-06-08 18:06:02 battery_level=87 target_percentage=18 set_timed_export(True)
2026-06-08 18:07:01 battery_level=87 target_percentage=18 set_timed_export(True)
2026-06-08 18:08:01 battery_level=86 target_percentage=18 set_timed_export(True)
2026-06-08 18:09:01 battery_level=86 target_percentage=17 set_timed_export(True)
2026-06-08 18:10:01 battery_level=86 target_percentage=17 set_timed_export(True)
2026-06-08 18:11:02 battery_level=86 target_percentage=17 set_timed_export(True)
2026-06-08 18:12:01 battery_level=85 target_percentage=17 set_timed_export(True)
2026-06-08 18:13:01 battery_level=85 target_percentage=17 set_timed_export(True)
2026-06-08 18:14:01 battery_level=85 target_percentage=17 set_timed_export(True)
2026-06-08 18:15:01 battery_level=85 target_percentage=17 set_timed_export(True)
2026-06-08 18:16:01 battery_level=84 target_percentage=17 set_timed_export(True)
2026-06-08 18:17:02 battery_level=28913 target_percentage=17 set_timed_export(True)
2026-06-08 18:18:01 battery_level=84 target_percentage=17 set_timed_export(True)
2026-06-08 18:19:01 battery_level=84 target_percentage=17 set_timed_export(True)
2026-06-08 18:20:01 battery_level=83 target_percentage=16 set_timed_export(True)
2026-06-08 18:21:01 battery_level=83 target_percentage=16 set_timed_export(True)
2026-06-08 18:22:01 battery_level=28917 target_percentage=16 set_timed_export(True)
2026-06-08 18:23:01 battery_level=83 target_percentage=16 set_timed_export(True)
2026-06-08 18:24:01 battery_level=82 target_percentage=16 set_timed_export(True)
2026-06-08 18:25:01 battery_level=82 target_percentage=16 set_timed_export(True)
2026-06-08 18:26:01 battery_level=28921 target_percentage=16 set_timed_export(True)
2026-06-08 18:27:01 battery_level=82 target_percentage=16 set_timed_export(True)
2026-06-08 18:28:02 battery_level=81 target_percentage=16 set_timed_export(True)
2026-06-08 18:29:01 battery_level=81 target_percentage=16 set_timed_export(True)
2026-06-08 18:30:01 battery_level=28925 target_percentage=0 set_timed_export(True)
2026-06-08 18:31:01 battery_level=81 target_percentage=0 set_timed_export(True)
2026-06-08 18:32:01 battery_level=80 target_percentage=0 set_timed_export(True)
2026-06-08 18:33:01 battery_level=80 target_percentage=0 set_timed_export(True)
2026-06-08 18:34:02 battery_level=80 target_percentage=0 set_timed_export(True)
2026-06-08 18:35:01 battery_level=80 target_percentage=0 set_timed_export(True)
2026-06-08 18:36:01 battery_level=79 target_percentage=0 set_timed_export(True)
2026-06-08 18:37:01 battery_level=79 target_percentage=0 set_timed_export(True)
2026-06-08 18:38:01 battery_level=79 target_percentage=0 set_timed_export(True)
2026-06-08 18:39:02 battery_level=78 target_percentage=0 set_timed_export(True)
2026-06-08 18:40:01 battery_level=78 target_percentage=0 set_timed_export(True)
2026-06-08 18:41:01 battery_level=78 target_percentage=0 set_timed_export(True)
2026-06-08 18:42:01 battery_level=77 target_percentage=0 set_timed_export(True)
2026-06-08 18:43:01 battery_level=77 target_percentage=0 set_timed_export(True)
2026-06-08 18:44:01 battery_level=77 target_percentage=0 set_timed_export(True)
2026-06-08 18:45:02 battery_level=76 target_percentage=0 set_timed_export(True)
2026-06-08 18:46:01 battery_level=76 target_percentage=0 set_timed_export(True)
2026-06-08 18:47:01 battery_level=76 target_percentage=0 set_timed_export(True)
2026-06-08 18:48:01 battery_level=75 target_percentage=0 set_timed_export(True)
2026-06-08 18:49:01 battery_level=75 target_percentage=0 set_timed_export(True)
2026-06-08 18:50:02 battery_level=75 target_percentage=0 set_timed_export(True)
2026-06-08 18:51:01 battery_level=74 target_percentage=0 set_timed_export(True)
2026-06-08 18:52:01 battery_level=74 target_percentage=0 set_timed_export(True)
2026-06-08 18:53:01 battery_level=74 target_percentage=0 set_timed_export(True)
2026-06-08 18:54:01 battery_level=73 target_percentage=0 set_timed_export(True)
2026-06-08 18:55:01 battery_level=73 target_percentage=0 set_timed_export(True)
2026-06-08 18:56:02 battery_level=72 target_percentage=0 set_timed_export(True)
2026-06-08 18:57:01 battery_level=72 target_percentage=0 set_timed_export(True)
2026-06-08 18:58:01 battery_level=72 target_percentage=0 set_timed_export(True)
2026-06-08 18:59:01 battery_level=71 target_percentage=0 set_timed_export(True)
2026-06-08 19:00:01 no action
2026-06-08 19:01:01 no action
2026-06-08 19:02:02 no action
2026-06-08 19:03:01 no action
2026-06-08 19:04:01 no action
2026-06-08 19:05:01 no action
2026-06-08 19:06:01 no action
2026-06-08 19:07:01 no action
2026-06-08 19:08:02 no action
2026-06-08 19:09:01 no action
2026-06-08 19:10:01 no action
2026-06-08 19:11:01 no action
2026-06-08 19:12:01 no action
2026-06-08 19:13:01 no action
2026-06-08 19:14:02 no action
2026-06-08 19:15:01 no action
2026-06-08 19:16:01 no action
2026-06-08 19:17:01 no action
2026-06-08 19:18:01 no action
2026-06-08 19:19:01 no action
2026-06-08 19:20:02 no action
2026-06-08 19:21:01 no action
2026-06-08 19:22:01 no action
2026-06-08 19:23:01 no action
2026-06-08 19:24:01 no action
2026-06-08 19:25:01 no action
2026-06-08 19:26:02 no action
2026-06-08 19:27:01 no action
2026-06-08 19:28:01 no action
2026-06-08 19:29:01 no action
2026-06-08 19:30:01 no action
2026-06-08 19:31:01 no action
2026-06-08 19:32:01 no action
2026-06-08 19:33:01 no action
2026-06-08 19:34:01 no action
2026-06-08 19:35:01 no action
2026-06-08 19:36:01 no action
2026-06-08 19:37:01 no action
2026-06-08 19:38:01 no action
2026-06-08 19:39:01 no action
2026-06-08 19:40:01 no action
2026-06-08 19:41:01 no action
2026-06-08 19:42:01 no action
2026-06-08 19:43:01 no action
2026-06-08 19:44:01 no action
2026-06-08 19:45:01 no action
2026-06-08 19:46:01 no action
2026-06-08 19:47:01 no action
2026-06-08 19:48:01 no action
2026-06-08 19:49:01 no action
2026-06-08 19:50:01 no action
2026-06-08 19:51:01 no action
2026-06-08 19:52:01 no action
2026-06-08 19:53:01 no action
2026-06-08 19:54:01 no action
2026-06-08 19:55:01 no action
2026-06-08 19:56:01 no action
2026-06-08 19:57:01 no action
2026-06-08 19:58:01 no action
2026-06-08 19:59:01 no action
2026-06-08 20:00:01 no action
2026-06-08 20:01:02 no action
2026-06-08 20:02:01 no action
2026-06-08 20:03:01 no action
2026-06-08 20:04:01 no action
2026-06-08 20:05:01 no action
2026-06-08 20:06:01 no action
2026-06-08 20:07:02 no action
2026-06-08 20:08:01 no action
2026-06-08 20:09:01 no action
2026-06-08 20:10:01 no action
2026-06-08 20:11:01 no action
2026-06-08 20:12:01 no action
2026-06-08 20:13:02 no action
2026-06-08 20:14:01 no action
2026-06-08 20:15:01 no action
2026-06-08 20:16:01 no action
2026-06-08 20:17:01 no action
2026-06-08 20:18:01 no action
2026-06-08 20:19:02 no action
2026-06-08 20:20:01 no action
2026-06-08 20:21:01 no action
2026-06-08 20:22:01 no action
2026-06-08 20:23:01 no action
2026-06-08 20:24:01 no action
2026-06-08 20:25:02 no action
2026-06-08 20:26:01 no action
2026-06-08 20:27:01 no action
2026-06-08 20:28:01 no action
2026-06-08 20:29:01 no action
2026-06-08 20:30:01 no action
2026-06-08 20:31:02 no action
2026-06-08 20:32:01 no action
2026-06-08 20:33:01 no action
2026-06-08 20:34:01 no action
2026-06-08 20:35:01 no action
2026-06-08 20:36:01 no action
2026-06-08 20:37:02 no action
2026-06-08 20:38:01 no action
2026-06-08 20:39:01 no action
2026-06-08 20:40:01 no action
2026-06-08 20:41:01 no action
2026-06-08 20:42:01 no action
2026-06-08 20:43:02 no action
2026-06-08 20:44:01 no action
2026-06-08 20:45:01 no action
2026-06-08 20:46:01 no action
2026-06-08 20:47:01 no action
2026-06-08 20:48:01 no action
2026-06-08 20:49:02 no action
2026-06-08 20:50:01 no action
2026-06-08 20:51:01 no action
2026-06-08 20:52:01 no action
2026-06-08 20:53:01 no action
2026-06-08 20:54:01 no action
2026-06-08 20:55:02 no action
2026-06-08 20:56:01 no action
2026-06-08 20:57:01 no action
2026-06-08 20:58:01 no action
2026-06-08 20:59:01 no action
2026-06-08 21:00:01 no action
2026-06-08 21:01:02 no action
2026-06-08 21:02:01 no action
2026-06-08 21:03:01 no action
2026-06-08 21:04:01 no action
2026-06-08 21:05:01 no action
2026-06-08 21:06:01 no action
2026-06-08 21:07:02 no action
2026-06-08 21:08:01 no action
2026-06-08 21:09:01 no action
2026-06-08 21:10:01 no action
2026-06-08 21:11:01 no action
2026-06-08 21:12:01 no action
2026-06-08 21:13:02 no action
2026-06-08 21:14:01 no action
2026-06-08 21:15:01 no action
2026-06-08 21:16:01 no action
2026-06-08 21:17:01 no action
2026-06-08 21:18:01 no action
2026-06-08 21:19:02 no action
2026-06-08 21:20:01 no action
2026-06-08 21:21:01 no action
2026-06-08 21:22:01 no action
2026-06-08 21:23:01 no action
2026-06-08 21:24:01 no action
2026-06-08 21:25:02 no action
2026-06-08 21:26:01 no action
2026-06-08 21:27:01 no action
2026-06-08 21:28:01 no action
2026-06-08 21:29:01 no action
2026-06-08 21:30:01 no action
entries:  {'00:00': {'0': 0, '1': 0, '2': 0}, '00:30': {'0': 0, '1': 0, '2': 0}, '01:00': {'0': 0, '1': 0, '2': 0}, '01:30': {'0': 0, '1': 0, '2': 0}, '02:00': {'0': 0, '1': 0, '2': 0}, '02:30': {'0': 0, '1': 0, '2': 0}, '03:00': {'0': 0, '1': 0, '2': 0}, '03:30': {'0': 0, '1': 0, '2': 0}, '04:00': {'0': 0, '1': 0, '2': 0}, '04:30': {'0': 0, '1': 0, '2': 0}, '05:00': {'0': 0, '1': 0, '2': 0}, '05:30': {'0': 0.1000000000003638, '1': 0, '2': 0}, '06:00': {'0': 0, '1': 0, '2': 0}, '06:30': {'0': 0.1000000000003638, '1': 0, '2': 0}, '07:00': {'0': 0.1000000000003638, '1': 0, '2': 0}, '07:30': {'0': 0.09999999999890852, '1': 0.10000000000000009, '2': 0}, '08:00': {'0': 0.2000000000007276, '1': 0, '2': 0}, '08:30': {'0': 0.3999999999996362, '1': 0, '2': 0}, '09:00': {'0': 0.10000000000072773, '1': 0.09999999999999987, '2': 0}, '09:30': {'0': 0.10000000000145538, '1': 0.5999999999974533, '2': 0}, '10:00': {'0': 0.20000000000181872, '1': 0.4999999999989088, '2': 0}, '10:30': {'0': 0.09999999999890896, '1': 1.0999999999999996, '2': 0}, '11:00': {'0': 1.4548362514688051e-12, '1': 0.40000000000000036, '2': 0}, '11:30': {'0': 0.09999999999927275, '1': 1, '2': 0.2}, '12:00': {'0': 0.5999999999999996, '1': 0.40000000000000036, '2': 0}, '12:30': {'0': 0.6999999999992724, '1': 0.5, '2': 0.09999999999999998}, '13:00': {'0': 0.5000000000010917, '1': 0.7999999999989083, '2': 0.2}, '13:30': {'0': 0.10000000000145538, '1': 0.7999999999999998, '2': 0}, '14:00': {'0': 0.1000000000003638, '1': 0.8000000000000007, '2': 0.09999999999999998}, '14:30': {'0': 0.39999999999963687, '1': 1.0999999999996355, '2': 0.30000000000000004}, '15:00': {'0': 0.20000000000072804, '1': 1.0999999999999996, '2': 0.3999999999999999}, '15:30': {'0': 0.10000000000036247, '1': 0.9000000000000002, '2': 0.49999999999999994}, '16:00': {'0': 0.213333333332721, '1': 0.09999999999999964, '2': 1.2533333333335417}, '16:30': {'0': 0.08499999999975552, '1': 0, '2': 0.748333333333122}, '17:00': {'0': 0.12638888889020383, '1': 0, '2': 1.073611111111069}, '17:30': {'0': 0.15384615384615452, '1': 0, '2': 1.4461538461534829}, '18:00': {'0': 0.14444444444528448, '1': 0, '2': 1.4555555555553914}, '18:30': {'0': 0.17709401709429057, '1': 0, '2': 1.4229059829060733}, '19:00': {'0': 0.299999999999151, '1': 0.5, '2': 0.10000000000048517}, '19:30': {'0': 0.1999999999996351, '1': 0.700000000000001, '2': 0}, '20:00': {'0': 0.2000000000014541, '1': 0.49999999999927347, '2': 0}, '20:30': {'0': 0.2000000000007276, '1': 0, '2': 0}, '21:00': {'0': 0, '1': 0, '2': 0}, '21:30': {'0': 0, '1': 0, '2': 0}, '22:00': {'0': 0, '1': 0, '2': 0}, '22:30': {'0': 0, '1': 0, '2': 0}, '23:00': {'0': 0, '1': 0, '2': 0}, '23:30': {'0': 0, '1': 0, '2': 0}}
entries.values():  dict_values([{'0': 0, '1': 0, '2': 0}, {'0': 0, '1': 0, '2': 0}, {'0': 0, '1': 0, '2': 0}, {'0': 0, '1': 0, '2': 0}, {'0': 0, '1': 0, '2': 0}, {'0': 0, '1': 0, '2': 0}, {'0': 0, '1': 0, '2': 0}, {'0': 0, '1': 0, '2': 0}, {'0': 0, '1': 0, '2': 0}, {'0': 0, '1': 0, '2': 0}, {'0': 0, '1': 0, '2': 0}, {'0': 0.1000000000003638, '1': 0, '2': 0}, {'0': 0, '1': 0, '2': 0}, {'0': 0.1000000000003638, '1': 0, '2': 0}, {'0': 0.1000000000003638, '1': 0, '2': 0}, {'0': 0.09999999999890852, '1': 0.10000000000000009, '2': 0}, {'0': 0.2000000000007276, '1': 0, '2': 0}, {'0': 0.3999999999996362, '1': 0, '2': 0}, {'0': 0.10000000000072773, '1': 0.09999999999999987, '2': 0}, {'0': 0.10000000000145538, '1': 0.5999999999974533, '2': 0}, {'0': 0.20000000000181872, '1': 0.4999999999989088, '2': 0}, {'0': 0.09999999999890896, '1': 1.0999999999999996, '2': 0}, {'0': 1.4548362514688051e-12, '1': 0.40000000000000036, '2': 0}, {'0': 0.09999999999927275, '1': 1, '2': 0.2}, {'0': 0.5999999999999996, '1': 0.40000000000000036, '2': 0}, {'0': 0.6999999999992724, '1': 0.5, '2': 0.09999999999999998}, {'0': 0.5000000000010917, '1': 0.7999999999989083, '2': 0.2}, {'0': 0.10000000000145538, '1': 0.7999999999999998, '2': 0}, {'0': 0.1000000000003638, '1': 0.8000000000000007, '2': 0.09999999999999998}, {'0': 0.39999999999963687, '1': 1.0999999999996355, '2': 0.30000000000000004}, {'0': 0.20000000000072804, '1': 1.0999999999999996, '2': 0.3999999999999999}, {'0': 0.10000000000036247, '1': 0.9000000000000002, '2': 0.49999999999999994}, {'0': 0.213333333332721, '1': 0.09999999999999964, '2': 1.2533333333335417}, {'0': 0.08499999999975552, '1': 0, '2': 0.748333333333122}, {'0': 0.12638888889020383, '1': 0, '2': 1.073611111111069}, {'0': 0.15384615384615452, '1': 0, '2': 1.4461538461534829}, {'0': 0.14444444444528448, '1': 0, '2': 1.4555555555553914}, {'0': 0.17709401709429057, '1': 0, '2': 1.4229059829060733}, {'0': 0.299999999999151, '1': 0.5, '2': 0.10000000000048517}, {'0': 0.1999999999996351, '1': 0.700000000000001, '2': 0}, {'0': 0.2000000000014541, '1': 0.49999999999927347, '2': 0}, {'0': 0.2000000000007276, '1': 0, '2': 0}, {'0': 0, '1': 0, '2': 0}, {'0': 0, '1': 0, '2': 0}, {'0': 0, '1': 0, '2': 0}, {'0': 0, '1': 0, '2': 0}, {'0': 0, '1': 0, '2': 0}, {'0': 0, '1': 0, '2': 0}])
entries:  {'00:00': {'0': 0, '1': 0, '2': 0}, '00:30': {'0': 0, '1': 0, '2': 0}, '01:00': {'0': 0, '1': 0, '2': 0}, '01:30': {'0': 0, '1': 0, '2': 0}, '02:00': {'0': 0, '1': 0, '2': 0}, '02:30': {'0': 0, '1': 0, '2': 0}, '03:00': {'0': 0, '1': 0, '2': 0}, '03:30': {'0': 0, '1': 0, '2': 0}, '04:00': {'0': 0, '1': 0, '2': 0}, '04:30': {'0': 0, '1': 0, '2': 0}, '05:00': {'0': 0, '1': 0, '2': 0}, '05:30': {'0': 0.1000000000003638, '1': 0, '2': 0}, '06:00': {'0': 0, '1': 0, '2': 0}, '06:30': {'0': 0.1000000000003638, '1': 0, '2': 0}, '07:00': {'0': 0.1000000000003638, '1': 0, '2': 0}, '07:30': {'0': 0.09999999999890852, '1': 0.10000000000000009, '2': 0}, '08:00': {'0': 0.2000000000007276, '1': 0, '2': 0}, '08:30': {'0': 0.3999999999996362, '1': 0, '2': 0}, '09:00': {'0': 0.10000000000072773, '1': 0.09999999999999987, '2': 0}, '09:30': {'0': 0.10000000000145538, '1': 0.5999999999974533, '2': 0}, '10:00': {'0': 0.20000000000181872, '1': 0.4999999999989088, '2': 0}, '10:30': {'0': 0.09999999999890896, '1': 1.0999999999999996, '2': 0}, '11:00': {'0': 1.4548362514688051e-12, '1': 0.40000000000000036, '2': 0}, '11:30': {'0': 0.09999999999927275, '1': 1, '2': 0.2}, '12:00': {'0': 0.5999999999999996, '1': 0.40000000000000036, '2': 0}, '12:30': {'0': 0.6999999999992724, '1': 0.5, '2': 0.09999999999999998}, '13:00': {'0': 0.5000000000010917, '1': 0.7999999999989083, '2': 0.2}, '13:30': {'0': 0.10000000000145538, '1': 0.7999999999999998, '2': 0}, '14:00': {'0': 0.1000000000003638, '1': 0.8000000000000007, '2': 0.09999999999999998}, '14:30': {'0': 0.39999999999963687, '1': 1.0999999999996355, '2': 0.30000000000000004}, '15:00': {'0': 0.20000000000072804, '1': 1.0999999999999996, '2': 0.3999999999999999}, '15:30': 1.3000000000010914, '16:00': {'0': 0.213333333332721, '1': 0.09999999999999964, '2': 1.2533333333335417}, '16:30': 2.2999999999992724, '17:00': 2.2000000000007276, '17:30': 1.8999999999996362, '18:00': 1.8000000000010914, '18:30': 1.5, '19:00': 0.5, '19:30': 0.0, '20:00': 0.2000000000007276, '20:30': 0.0, '21:00': {'0': 0, '1': 0, '2': 0}, '21:30': {'0': 0, '1': 0, '2': 0}, '22:00': {'0': 0, '1': 0, '2': 0}, '22:30': {'0': 0, '1': 0, '2': 0}, '23:00': {'0': 0, '1': 0, '2': 0}, '23:30': {'0': 0, '1': 0, '2': 0}}
entries.values():  dict_values([{'0': 0, '1': 0, '2': 0}, {'0': 0, '1': 0, '2': 0}, {'0': 0, '1': 0, '2': 0}, {'0': 0, '1': 0, '2': 0}, {'0': 0, '1': 0, '2': 0}, {'0': 0, '1': 0, '2': 0}, {'0': 0, '1': 0, '2': 0}, {'0': 0, '1': 0, '2': 0}, {'0': 0, '1': 0, '2': 0}, {'0': 0, '1': 0, '2': 0}, {'0': 0, '1': 0, '2': 0}, {'0': 0.1000000000003638, '1': 0, '2': 0}, {'0': 0, '1': 0, '2': 0}, {'0': 0.1000000000003638, '1': 0, '2': 0}, {'0': 0.1000000000003638, '1': 0, '2': 0}, {'0': 0.09999999999890852, '1': 0.10000000000000009, '2': 0}, {'0': 0.2000000000007276, '1': 0, '2': 0}, {'0': 0.3999999999996362, '1': 0, '2': 0}, {'0': 0.10000000000072773, '1': 0.09999999999999987, '2': 0}, {'0': 0.10000000000145538, '1': 0.5999999999974533, '2': 0}, {'0': 0.20000000000181872, '1': 0.4999999999989088, '2': 0}, {'0': 0.09999999999890896, '1': 1.0999999999999996, '2': 0}, {'0': 1.4548362514688051e-12, '1': 0.40000000000000036, '2': 0}, {'0': 0.09999999999927275, '1': 1, '2': 0.2}, {'0': 0.5999999999999996, '1': 0.40000000000000036, '2': 0}, {'0': 0.6999999999992724, '1': 0.5, '2': 0.09999999999999998}, {'0': 0.5000000000010917, '1': 0.7999999999989083, '2': 0.2}, {'0': 0.10000000000145538, '1': 0.7999999999999998, '2': 0}, {'0': 0.1000000000003638, '1': 0.8000000000000007, '2': 0.09999999999999998}, {'0': 0.39999999999963687, '1': 1.0999999999996355, '2': 0.30000000000000004}, {'0': 0.20000000000072804, '1': 1.0999999999999996, '2': 0.3999999999999999}, 1.3000000000010914, {'0': 0.213333333332721, '1': 0.09999999999999964, '2': 1.2533333333335417}, 2.2999999999992724, 2.2000000000007276, 1.8999999999996362, 1.8000000000010914, 1.5, 0.5, 0.0, 0.2000000000007276, 0.0, {'0': 0, '1': 0, '2': 0}, {'0': 0, '1': 0, '2': 0}, {'0': 0, '1': 0, '2': 0}, {'0': 0, '1': 0, '2': 0}, {'0': 0, '1': 0, '2': 0}, {'0': 0, '1': 0, '2': 0}])minimum level: -0.5, maximum level: 27.85474722739066, charge to_percentage: 9

entries:  {'05:00': 0.0}
entries.values():  dict_values([0.0])
entries:  {'16:00': 0.1999999999989086, '16:30': 0.0, '17:00': 0.3999999999996362, '17:30': 0.5, '18:00': 0.2000000000007276, '18:30': 0.2000000000007276, '19:00': 0.1000000000003638, '19:30': 0.09999999999854481, '20:00': 0.1000000000003638, '20:30': 0.1000000000003638, '21:30': 0.0, '22:30': 0.0, '23:00': 0.0, '23:30': 0.0}
entries.values():  dict_values([0.1999999999989086, 0.0, 0.3999999999996362, 0.5, 0.2000000000007276, 0.2000000000007276, 0.1000000000003638, 0.09999999999854481, 0.1000000000003638, 0.1000000000003638, 0.0, 0.0, 0.0, 0.0])
forecast total: 94.82815 (192)
actual total: 57.36666666667354 (4)
solar forecast multiplier: 0.6049539790312638
2026-06-08 21:31:01 no action
2026-06-08 21:32:01 no action
2026-06-08 21:33:01 no action
2026-06-08 21:34:01 no action
2026-06-08 21:35:01 no action
2026-06-08 21:36:01 no action
2026-06-08 21:37:02 no action
2026-06-08 21:38:01 no action
2026-06-08 21:39:01 no action
2026-06-08 21:40:01 no action
2026-06-08 21:41:01 no action
2026-06-08 21:42:01 no action
2026-06-08 21:43:02 no action
2026-06-08 21:44:01 no action
2026-06-08 21:45:01 no action
2026-06-08 21:46:01 no action
2026-06-08 21:47:01 no action
2026-06-08 21:48:01 no action
2026-06-08 21:49:02 no action
2026-06-08 21:50:01 no action
2026-06-08 21:51:01 no action
2026-06-08 21:52:01 no action
2026-06-08 21:53:01 no action
2026-06-08 21:54:01 no action
2026-06-08 21:55:02 no action
2026-06-08 21:56:01 no action
2026-06-08 21:57:01 no action
2026-06-08 21:58:01 no action
2026-06-08 21:59:01 no action
2026-06-08 22:00:01 no action
2026-06-08 22:01:02 no action
2026-06-08 22:02:01 no action
2026-06-08 22:03:01 no action
2026-06-08 22:04:01 no action
2026-06-08 22:05:01 no action
2026-06-08 22:06:01 no action
2026-06-08 22:07:02 no action
2026-06-08 22:08:01 no action
2026-06-08 22:09:01 no action
2026-06-08 22:10:01 no action
2026-06-08 22:11:01 no action
2026-06-08 22:12:01 no action
2026-06-08 22:13:01 no action
2026-06-08 22:14:01 no action
2026-06-08 22:15:01 no action
2026-06-08 22:16:01 no action
2026-06-08 22:17:01 no action
2026-06-08 22:18:01 no action
2026-06-08 22:19:01 no action
2026-06-08 22:20:01 no action
2026-06-08 22:21:01 no action
2026-06-08 22:22:01 no action
2026-06-08 22:23:01 no action
2026-06-08 22:24:02 no action
2026-06-08 22:25:01 no action
2026-06-08 22:26:01 no action
2026-06-08 22:27:01 no action
2026-06-08 22:28:01 no action
2026-06-08 22:29:01 no action
2026-06-08 22:30:01 no action
2026-06-08 22:31:01 no action
2026-06-08 22:32:01 no action
2026-06-08 22:33:01 no action
2026-06-08 22:34:01 no action
2026-06-08 22:35:01 no action
2026-06-08 22:36:02 no action
2026-06-08 22:37:01 no action
2026-06-08 22:38:01 no action
2026-06-08 22:39:01 no action
2026-06-08 22:40:01 no action
2026-06-08 22:41:01 no action
2026-06-08 22:42:02 no action
2026-06-08 22:43:01 no action
2026-06-08 22:44:01 no action
2026-06-08 22:45:01 no action
2026-06-08 22:46:01 no action
2026-06-08 22:47:01 no action
2026-06-08 22:48:02 no action
2026-06-08 22:49:01 no action
2026-06-08 22:50:01 no action
2026-06-08 22:51:01 no action
2026-06-08 22:52:01 no action
2026-06-08 22:53:01 no action
2026-06-08 22:54:02 no action
2026-06-08 22:55:01 no action
2026-06-08 22:56:01 no action
2026-06-08 22:57:01 no action
2026-06-08 22:58:01 no action
2026-06-08 22:59:01 no action
2026-06-08 23:00:02 no action
2026-06-08 23:01:01 no action
2026-06-08 23:02:01 no action
2026-06-08 23:03:01 no action
2026-06-08 23:04:01 no action
2026-06-08 23:05:01 no action
2026-06-08 23:06:02 no action
2026-06-08 23:07:01 no action
2026-06-08 23:08:01 no action
2026-06-08 23:09:01 no action
2026-06-08 23:10:01 no action
2026-06-08 23:11:01 no action
2026-06-08 23:12:02 no action
2026-06-08 23:13:01 no action
2026-06-08 23:14:01 no action
2026-06-08 23:15:01 no action
2026-06-08 23:16:01 no action
2026-06-08 23:17:02 no action
2026-06-08 23:18:01 no action
2026-06-08 23:19:01 no action
2026-06-08 23:20:01 no action
2026-06-08 23:21:01 no action
2026-06-08 23:22:01 no action
2026-06-08 23:23:02 no action
2026-06-08 23:24:01 no action
2026-06-08 23:25:01 no action
2026-06-08 23:26:01 no action
2026-06-08 23:27:01 no action
2026-06-08 23:28:01 no action
2026-06-08 23:29:02 no action
2026-06-08 23:30:01 no action
2026-06-08 23:31:01 no action
2026-06-08 23:32:01 no action
2026-06-08 23:33:01 no action
2026-06-08 23:34:01 no action
2026-06-08 23:35:02 no action
2026-06-08 23:36:01 no action
2026-06-08 23:37:01 no action
2026-06-08 23:38:01 no action
2026-06-08 23:39:01 no action
2026-06-08 23:40:01 no action
2026-06-08 23:41:02 no action
2026-06-08 23:42:01 no action
2026-06-08 23:43:01 no action
2026-06-08 23:44:01 no action
2026-06-08 23:45:01 no action
2026-06-08 23:46:01 no action
2026-06-08 23:47:02 no action
2026-06-08 23:48:01 no action
2026-06-08 23:49:01 no action
2026-06-08 23:50:01 no action
2026-06-08 23:51:01 no action
2026-06-08 23:52:01 no action
2026-06-08 23:53:02 no action
2026-06-08 23:54:01 no action
2026-06-08 23:55:01 no action
2026-06-08 23:56:01 no action
2026-06-08 23:57:01 no action
2026-06-08 23:58:01 no action
2026-06-08 23:59:02 no action
2026-06-09 00:00:01 no action
2026-06-09 00:01:01 no action
2026-06-09 00:02:01 no action
2026-06-09 00:03:01 no action
2026-06-09 00:04:01 no action
2026-06-09 00:05:02 no action
2026-06-09 00:06:01 no action
2026-06-09 00:07:01 no action
2026-06-09 00:08:01 no action
2026-06-09 00:09:01 no action
2026-06-09 00:10:01 no action
2026-06-09 00:11:02 no action
2026-06-09 00:12:01 no action
2026-06-09 00:13:01 no action
2026-06-09 00:14:01 no action
2026-06-09 00:15:01 no action
2026-06-09 00:16:01 no action
2026-06-09 00:17:02 no action
2026-06-09 00:18:01 no action
2026-06-09 00:19:01 no action
2026-06-09 00:20:01 no action
2026-06-09 00:21:01 no action
2026-06-09 00:22:01 no action
2026-06-09 00:23:01 no action
2026-06-09 00:24:01 no action
2026-06-09 00:25:01 no action
2026-06-09 00:26:01 no action
2026-06-09 00:27:01 no action
2026-06-09 00:28:01 no action
2026-06-09 00:29:01 no action
2026-06-09 00:30:01 no action
2026-06-09 00:31:01 no action
2026-06-09 00:32:01 no action
2026-06-09 00:33:01 no action
2026-06-09 00:34:01 no action
2026-06-09 00:35:01 no action
2026-06-09 00:36:01 no action
2026-06-09 00:37:01 no action
2026-06-09 00:38:01 no action
2026-06-09 00:39:01 no action
2026-06-09 00:40:02 no action
2026-06-09 00:41:01 no action
2026-06-09 00:42:01 no action
2026-06-09 00:43:01 no action
2026-06-09 00:44:01 no action
2026-06-09 00:45:01 no action
2026-06-09 00:46:01 no action
2026-06-09 00:47:01 no action
2026-06-09 00:48:01 no action
2026-06-09 00:49:01 no action
2026-06-09 00:50:01 no action
2026-06-09 00:51:01 no action
2026-06-09 00:52:02 no action
2026-06-09 00:53:01 no action
2026-06-09 00:54:01 no action
2026-06-09 00:55:01 no action
2026-06-09 00:56:01 no action
2026-06-09 00:57:01 no action
2026-06-09 00:58:01 no action
2026-06-09 00:59:01 no action
2026-06-09 01:00:01 no action
2026-06-09 01:01:01 no action
2026-06-09 01:02:01 no action
2026-06-09 01:03:01 no action
2026-06-09 01:04:01 no action
2026-06-09 01:05:01 no action
2026-06-09 01:06:01 no action
2026-06-09 01:07:01 no action
2026-06-09 01:08:01 no action
2026-06-09 01:09:01 no action
2026-06-09 01:10:01 no action
2026-06-09 01:11:01 no action
2026-06-09 01:12:01 no action
2026-06-09 01:13:01 no action
2026-06-09 01:14:01 no action
2026-06-09 01:15:01 no action
2026-06-09 01:16:01 no action
2026-06-09 01:17:01 no action
2026-06-09 01:18:01 no action
2026-06-09 01:19:01 no action
2026-06-09 01:20:01 no action
2026-06-09 01:21:01 no action
2026-06-09 01:22:02 no action
2026-06-09 01:23:01 no action
2026-06-09 01:24:01 no action
2026-06-09 01:25:01 no action
2026-06-09 01:26:01 no action
2026-06-09 01:27:01 no action
2026-06-09 01:28:02 no action
2026-06-09 01:29:01 no action
2026-06-09 01:30:01 no action
2026-06-09 01:31:01 no action
2026-06-09 01:32:01 no action
2026-06-09 01:33:01 no action
2026-06-09 01:34:02 no action
2026-06-09 01:35:01 no action
2026-06-09 01:36:01 no action
2026-06-09 01:37:01 no action
2026-06-09 01:38:01 no action
2026-06-09 01:39:01 no action
2026-06-09 01:40:02 no action
2026-06-09 01:41:01 no action
2026-06-09 01:42:01 no action
2026-06-09 01:43:01 no action
2026-06-09 01:44:01 no action
2026-06-09 01:45:01 no action
2026-06-09 01:46:02 no action
2026-06-09 01:47:01 no action
2026-06-09 01:48:01 no action
2026-06-09 01:49:01 no action
2026-06-09 01:50:01 no action
2026-06-09 01:51:01 no action
2026-06-09 01:52:02 no action
2026-06-09 01:53:01 no action
2026-06-09 01:54:01 no action
2026-06-09 01:55:01 no action
2026-06-09 01:56:01 no action
2026-06-09 01:57:01 no action
2026-06-09 01:58:02 no action
2026-06-09 01:59:01 no action
2026-06-09 02:00:01 battery_level=72 target_percentage=9 set_timed_charge(False)
2026-06-09 02:01:01 battery_level=71 target_percentage=9 set_timed_charge(False)
2026-06-09 02:02:01 battery_level=71 target_percentage=9 set_timed_charge(False)
2026-06-09 02:03:01 battery_level=71 target_percentage=9 set_timed_charge(False)
2026-06-09 02:04:02 battery_level=71 target_percentage=9 set_timed_charge(False)
2026-06-09 02:05:01 battery_level=71 target_percentage=9 set_timed_charge(False)
2026-06-09 02:06:01 battery_level=71 target_percentage=9 set_timed_charge(False)
2026-06-09 02:07:01 battery_level=71 target_percentage=9 set_timed_charge(False)
2026-06-09 02:08:01 battery_level=71 target_percentage=9 set_timed_charge(False)
2026-06-09 02:09:01 battery_level=71 target_percentage=9 set_timed_charge(False)
2026-06-09 02:10:01 battery_level=29346 target_percentage=9 set_timed_charge(False)
2026-06-09 02:11:01 battery_level=71 target_percentage=9 set_timed_charge(False)
2026-06-09 02:12:01 battery_level=29348 target_percentage=9 set_timed_charge(False)
2026-06-09 02:13:01 battery_level=71 target_percentage=9 set_timed_charge(False)
2026-06-09 02:14:01 battery_level=71 target_percentage=9 CHANGE set_timed_charge(False)
set_enable_ac_charge current_value True being set to False
set_enable_ac_charge updated_value False
2026-06-09 02:15:01 battery_level=71 target_percentage=9 set_timed_charge(False)
2026-06-09 02:16:01 battery_level=71 target_percentage=9 set_timed_charge(False)
2026-06-09 02:17:01 battery_level=71 target_percentage=9 set_timed_charge(False)
2026-06-09 02:18:01 battery_level=71 target_percentage=9 set_timed_charge(False)
2026-06-09 02:19:01 battery_level=71 target_percentage=9 set_timed_charge(False)
2026-06-09 02:20:02 battery_level=70 target_percentage=9 set_timed_charge(False)
2026-06-09 02:21:01 battery_level=70 target_percentage=9 set_timed_charge(False)
2026-06-09 02:22:01 battery_level=70 target_percentage=9 set_timed_charge(False)
2026-06-09 02:23:01 battery_level=70 target_percentage=9 set_timed_charge(False)
2026-06-09 02:24:01 battery_level=70 target_percentage=9 set_timed_charge(False)
2026-06-09 02:25:02 battery_level=70 target_percentage=9 set_timed_charge(False)
2026-06-09 02:26:01 battery_level=70 target_percentage=9 set_timed_charge(False)
2026-06-09 02:27:01 battery_level=70 target_percentage=9 set_timed_charge(False)
2026-06-09 02:28:01 battery_level=29362 target_percentage=9 set_timed_charge(False)
2026-06-09 02:29:01 battery_level=29363 target_percentage=9 set_timed_charge(False)
2026-06-09 02:30:01 battery_level=70 target_percentage=9 set_timed_charge(False)
2026-06-09 02:31:02 battery_level=70 target_percentage=9 set_timed_charge(False)
2026-06-09 02:32:01 battery_level=70 target_percentage=9 set_timed_charge(False)
2026-06-09 02:33:01 battery_level=70 target_percentage=9 set_timed_charge(False)
2026-06-09 02:34:01 battery_level=70 target_percentage=9 set_timed_charge(False)
2026-06-09 02:35:01 battery_level=70 target_percentage=9 set_timed_charge(False)
2026-06-09 02:36:01 battery_level=70 target_percentage=9 set_timed_charge(False)
2026-06-09 02:37:01 battery_level=70 target_percentage=9 set_timed_charge(False)
2026-06-09 02:38:01 battery_level=70 target_percentage=9 set_timed_charge(False)
2026-06-09 02:39:01 battery_level=70 target_percentage=9 set_timed_charge(False)
2026-06-09 02:40:01 battery_level=70 target_percentage=9 set_timed_charge(False)
2026-06-09 02:41:01 battery_level=70 target_percentage=9 set_timed_charge(False)
2026-06-09 02:42:02 battery_level=29375 target_percentage=9 set_timed_charge(False)
2026-06-09 02:43:01 battery_level=69 target_percentage=9 set_timed_charge(False)
2026-06-09 02:44:01 battery_level=68 target_percentage=9 set_timed_charge(False)
2026-06-09 02:45:01 battery_level=68 target_percentage=9 set_timed_charge(False)
2026-06-09 02:46:01 battery_level=68 target_percentage=9 set_timed_charge(False)
2026-06-09 02:47:01 battery_level=68 target_percentage=9 set_timed_charge(False)
2026-06-09 02:48:02 battery_level=68 target_percentage=9 set_timed_charge(False)
2026-06-09 02:49:01 battery_level=68 target_percentage=9 set_timed_charge(False)
2026-06-09 02:50:01 battery_level=68 target_percentage=9 set_timed_charge(False)
2026-06-09 02:51:01 battery_level=68 target_percentage=9 set_timed_charge(False)
2026-06-09 02:52:01 battery_level=68 target_percentage=9 set_timed_charge(False)
2026-06-09 02:53:01 battery_level=68 target_percentage=9 set_timed_charge(False)
2026-06-09 02:54:01 battery_level=29386 target_percentage=9 set_timed_charge(False)
2026-06-09 02:55:01 battery_level=68 target_percentage=9 set_timed_charge(False)
2026-06-09 02:56:01 battery_level=68 target_percentage=9 set_timed_charge(False)
2026-06-09 02:57:01 battery_level=68 target_percentage=9 set_timed_charge(False)
2026-06-09 02:58:01 battery_level=68 target_percentage=9 set_timed_charge(False)
2026-06-09 02:59:02 battery_level=29391 target_percentage=9 set_timed_charge(False)
2026-06-09 03:00:01 battery_level=68 target_percentage=9 set_timed_charge(False)
2026-06-09 03:01:01 battery_level=67 target_percentage=9 set_timed_charge(False)
2026-06-09 03:02:01 battery_level=67 target_percentage=9 set_timed_charge(False)
2026-06-09 03:03:01 battery_level=67 target_percentage=9 set_timed_charge(False)
2026-06-09 03:04:01 battery_level=67 target_percentage=9 set_timed_charge(False)
2026-06-09 03:05:02 battery_level=67 target_percentage=9 set_timed_charge(False)
2026-06-09 03:06:01 battery_level=67 target_percentage=9 set_timed_charge(False)
2026-06-09 03:07:01 battery_level=67 target_percentage=9 CHANGE set_timed_charge(False)
set_enable_ac_charge current_value True being set to False
set_enable_ac_charge updated_value False
2026-06-09 03:08:01 battery_level=67 target_percentage=9 set_timed_charge(False)
2026-06-09 03:09:01 battery_level=67 target_percentage=9 set_timed_charge(False)
2026-06-09 03:10:01 battery_level=29401 target_percentage=9 set_timed_charge(False)
2026-06-09 03:11:01 battery_level=66 target_percentage=9 set_timed_charge(False)
2026-06-09 03:12:01 battery_level=66 target_percentage=9 set_timed_charge(False)
2026-06-09 03:13:01 battery_level=66 target_percentage=9 set_timed_charge(False)
2026-06-09 03:14:01 battery_level=66 target_percentage=9 set_timed_charge(False)
2026-06-09 03:15:02 battery_level=66 target_percentage=9 set_timed_charge(False)
2026-06-09 03:16:01 battery_level=66 target_percentage=9 set_timed_charge(False)
2026-06-09 03:17:01 battery_level=66 target_percentage=9 set_timed_charge(False)
2026-06-09 03:18:01 battery_level=66 target_percentage=9 set_timed_charge(False)
2026-06-09 03:19:01 battery_level=66 target_percentage=9 set_timed_charge(False)
2026-06-09 03:20:01 battery_level=66 target_percentage=9 set_timed_charge(False)
2026-06-09 03:21:02 battery_level=66 target_percentage=9 set_timed_charge(False)
2026-06-09 03:22:01 battery_level=65 target_percentage=9 set_timed_charge(False)
2026-06-09 03:23:01 battery_level=65 target_percentage=9 set_timed_charge(False)
2026-06-09 03:24:01 battery_level=65 target_percentage=9 set_timed_charge(False)
2026-06-09 03:25:01 battery_level=65 target_percentage=9 set_timed_charge(False)
2026-06-09 03:26:01 battery_level=65 target_percentage=9 set_timed_charge(False)
2026-06-09 03:27:01 battery_level=65 target_percentage=9 set_timed_charge(False)
2026-06-09 03:28:01 battery_level=65 target_percentage=9 set_timed_charge(False)
2026-06-09 03:29:01 battery_level=65 target_percentage=9 set_timed_charge(False)
2026-06-09 03:30:01 battery_level=65 target_percentage=9 set_timed_charge(False)
2026-06-09 03:31:01 battery_level=65 target_percentage=9 set_timed_charge(False)
2026-06-09 03:32:02 battery_level=65 target_percentage=9 set_timed_charge(False)
2026-06-09 03:33:01 battery_level=29422 target_percentage=9 set_timed_charge(False)
2026-06-09 03:34:01 battery_level=64 target_percentage=9 set_timed_charge(False)
2026-06-09 03:35:01 battery_level=64 target_percentage=9 set_timed_charge(False)
2026-06-09 03:36:01 battery_level=64 target_percentage=9 set_timed_charge(False)
2026-06-09 03:37:01 battery_level=64 target_percentage=9 set_timed_charge(False)
2026-06-09 03:38:02 battery_level=29426 target_percentage=9 set_timed_charge(False)
2026-06-09 03:39:01 battery_level=64 target_percentage=9 set_timed_charge(False)
2026-06-09 03:40:01 battery_level=64 target_percentage=9 set_timed_charge(False)
2026-06-09 03:41:01 battery_level=64 target_percentage=9 set_timed_charge(False)
2026-06-09 03:42:01 battery_level=64 target_percentage=9 set_timed_charge(False)
2026-06-09 03:43:02 battery_level=64 target_percentage=9 set_timed_charge(False)
2026-06-09 03:44:01 battery_level=63 target_percentage=9 CHANGE set_timed_charge(False)
set_enable_ac_charge current_value True being set to False
set_enable_ac_charge updated_value False
2026-06-09 03:45:01 battery_level=63 target_percentage=9 set_timed_charge(False)
2026-06-09 03:46:01 battery_level=63 target_percentage=9 set_timed_charge(False)
2026-06-09 03:47:02 battery_level=63 target_percentage=9 set_timed_charge(False)
2026-06-09 03:48:01 battery_level=63 target_percentage=9 set_timed_charge(False)
2026-06-09 03:49:01 battery_level=63 target_percentage=9 set_timed_charge(False)
2026-06-09 03:50:01 battery_level=63 target_percentage=9 set_timed_charge(False)
2026-06-09 03:51:01 battery_level=63 target_percentage=9 set_timed_charge(False)
2026-06-09 03:52:01 battery_level=63 target_percentage=9 set_timed_charge(False)
2026-06-09 03:53:01 battery_level=29440 target_percentage=9 set_timed_charge(False)
2026-06-09 03:54:01 battery_level=62 target_percentage=9 set_timed_charge(False)
2026-06-09 03:55:01 battery_level=29442 target_percentage=9 set_timed_charge(False)
2026-06-09 03:56:01 battery_level=62 target_percentage=9 set_timed_charge(False)
2026-06-09 03:57:01 battery_level=62 target_percentage=9 set_timed_charge(False)
2026-06-09 03:58:02 battery_level=62 target_percentage=9 set_timed_charge(False)
2026-06-09 03:59:01 battery_level=62 target_percentage=9 set_timed_charge(False)
2026-06-09 04:00:01 battery_level=62 target_percentage=9 set_timed_charge(False)
2026-06-09 04:01:01 battery_level=62 target_percentage=9 set_timed_charge(False)
2026-06-09 04:02:01 battery_level=62 target_percentage=9 set_timed_charge(False)
2026-06-09 04:03:01 battery_level=62 target_percentage=9 set_timed_charge(False)
2026-06-09 04:04:02 battery_level=62 target_percentage=9 set_timed_charge(False)
2026-06-09 04:05:01 battery_level=29451 target_percentage=9 set_timed_charge(False)
2026-06-09 04:06:01 battery_level=62 target_percentage=9 set_timed_charge(False)
2026-06-09 04:07:01 battery_level=62 target_percentage=9 set_timed_charge(False)
2026-06-09 04:08:01 battery_level=62 target_percentage=9 set_timed_charge(False)
2026-06-09 04:09:01 battery_level=62 target_percentage=9 set_timed_charge(False)
2026-06-09 04:10:01 battery_level=29456 target_percentage=9 CHANGE set_timed_charge(False)
set_enable_ac_charge current_value True being set to False
set_enable_ac_charge updated_value False
2026-06-09 04:11:01 battery_level=61 target_percentage=9 set_timed_charge(False)
2026-06-09 04:12:01 battery_level=61 target_percentage=9 set_timed_charge(False)
2026-06-09 04:13:01 battery_level=61 target_percentage=9 set_timed_charge(False)
2026-06-09 04:14:02 battery_level=61 target_percentage=9 set_timed_charge(False)
2026-06-09 04:15:01 battery_level=29460 target_percentage=9 set_timed_charge(False)
2026-06-09 04:16:01 battery_level=61 target_percentage=9 set_timed_charge(False)
2026-06-09 04:17:01 battery_level=61 target_percentage=9 set_timed_charge(False)
2026-06-09 04:18:01 battery_level=61 target_percentage=9 set_timed_charge(False)
2026-06-09 04:19:01 battery_level=61 target_percentage=9 set_timed_charge(False)
2026-06-09 04:20:02 battery_level=61 target_percentage=9 set_timed_charge(False)
2026-06-09 04:21:01 battery_level=61 target_percentage=9 CHANGE set_timed_charge(False)
set_enable_ac_charge current_value True being set to False
set_enable_ac_charge updated_value False
2026-06-09 04:22:01 battery_level=61 target_percentage=9 set_timed_charge(False)
2026-06-09 04:23:01 battery_level=61 target_percentage=9 set_timed_charge(False)
2026-06-09 04:24:01 battery_level=61 target_percentage=9 set_timed_charge(False)
2026-06-09 04:25:02 battery_level=61 target_percentage=9 set_timed_charge(False)
2026-06-09 04:26:01 battery_level=61 target_percentage=9 set_timed_charge(False)
2026-06-09 04:27:01 battery_level=61 target_percentage=9 set_timed_charge(False)
2026-06-09 04:28:01 battery_level=60 target_percentage=9 set_timed_charge(False)
2026-06-09 04:29:01 battery_level=60 target_percentage=9 set_timed_charge(False)
2026-06-09 04:30:02 battery_level=60 target_percentage=9 set_timed_charge(False)
2026-06-09 04:31:01 battery_level=60 target_percentage=9 set_timed_charge(False)
2026-06-09 04:32:01 battery_level=60 target_percentage=9 set_timed_charge(False)
2026-06-09 04:33:01 battery_level=60 target_percentage=9 set_timed_charge(False)
2026-06-09 04:34:01 battery_level=60 target_percentage=9 set_timed_charge(False)
2026-06-09 04:35:01 battery_level=60 target_percentage=9 set_timed_charge(False)
2026-06-09 04:36:02 battery_level=60 target_percentage=9 set_timed_charge(False)
2026-06-09 04:37:01 battery_level=60 target_percentage=9 set_timed_charge(False)
2026-06-09 04:38:01 battery_level=60 target_percentage=9 set_timed_charge(False)
2026-06-09 04:39:01 battery_level=60 target_percentage=9 set_timed_charge(False)
2026-06-09 04:40:01 battery_level=59 target_percentage=9 set_timed_charge(False)
2026-06-09 04:41:01 battery_level=29484 target_percentage=9 set_timed_charge(False)
2026-06-09 04:42:01 battery_level=59 target_percentage=9 set_timed_charge(False)
2026-06-09 04:43:01 battery_level=59 target_percentage=9 set_timed_charge(False)
2026-06-09 04:44:01 battery_level=29487 target_percentage=9 set_timed_charge(False)
2026-06-09 04:45:01 battery_level=59 target_percentage=9 set_timed_charge(False)
2026-06-09 04:46:01 battery_level=59 target_percentage=9 set_timed_charge(False)
2026-06-09 04:47:02 battery_level=59 target_percentage=9 set_timed_charge(False)
2026-06-09 04:48:01 battery_level=59 target_percentage=9 set_timed_charge(False)
2026-06-09 04:49:01 battery_level=59 target_percentage=9 set_timed_charge(False)
2026-06-09 04:50:01 battery_level=59 target_percentage=9 set_timed_charge(False)
2026-06-09 04:51:01 battery_level=58 target_percentage=9 set_timed_charge(False)
2026-06-09 04:52:01 battery_level=58 target_percentage=9 set_timed_charge(False)
2026-06-09 04:53:02 battery_level=58 target_percentage=9 set_timed_charge(False)
2026-06-09 04:54:01 battery_level=29496 target_percentage=9 set_timed_charge(False)
2026-06-09 04:55:01 battery_level=58 target_percentage=9 set_timed_charge(False)
2026-06-09 04:56:01 battery_level=58 target_percentage=9 set_timed_charge(False)
2026-06-09 04:57:01 battery_level=58 target_percentage=9 CHANGE set_timed_charge(False)
set_enable_ac_charge current_value True being set to False
set_enable_ac_charge updated_value False
2026-06-09 04:58:02 battery_level=58 target_percentage=9 set_timed_charge(False)
2026-06-09 04:59:01 battery_level=29500 target_percentage=9 set_timed_charge(False)
2026-06-09 05:00:01 no action
2026-06-09 05:01:01 no action
2026-06-09 05:02:01 no action
2026-06-09 05:03:02 no action
2026-06-09 05:04:01 no action
2026-06-09 05:05:01 no action
2026-06-09 05:06:01 no action
2026-06-09 05:07:01 no action
2026-06-09 05:08:01 no action
2026-06-09 05:09:02 no action
2026-06-09 05:10:01 no action
2026-06-09 05:11:01 no action
2026-06-09 05:12:01 no action
2026-06-09 05:13:01 no action
2026-06-09 05:14:01 no action
2026-06-09 05:15:02 no action
2026-06-09 05:16:01 no action
2026-06-09 05:17:01 no action
2026-06-09 05:18:01 no action
2026-06-09 05:19:01 no action
2026-06-09 05:20:01 no action
2026-06-09 05:21:02 no action
2026-06-09 05:22:01 no action
2026-06-09 05:23:01 no action
2026-06-09 05:24:01 no action
2026-06-09 05:25:01 no action
2026-06-09 05:26:01 no action
2026-06-09 05:27:02 no action
2026-06-09 05:28:01 no action
2026-06-09 05:29:01 no action
2026-06-09 05:30:01 no action
2026-06-09 05:31:01 no action
2026-06-09 05:32:01 no action
2026-06-09 05:33:02 no action
2026-06-09 05:34:01 no action
2026-06-09 05:35:01 no action
2026-06-09 05:36:01 no action
2026-06-09 05:37:01 no action
2026-06-09 05:38:01 no action
2026-06-09 05:39:02 no action
2026-06-09 05:40:01 no action
2026-06-09 05:41:01 no action
2026-06-09 05:42:01 no action
2026-06-09 05:43:01 no action
2026-06-09 05:44:01 no action
2026-06-09 05:45:02 no action
2026-06-09 05:46:01 no action
2026-06-09 05:47:01 no action
2026-06-09 05:48:01 no action
2026-06-09 05:49:01 no action
2026-06-09 05:50:01 no action
2026-06-09 05:51:02 no action
2026-06-09 05:52:01 no action
2026-06-09 05:53:01 no action
2026-06-09 05:54:01 no action
2026-06-09 05:55:01 no action
2026-06-09 05:56:01 no action
2026-06-09 05:57:02 no action
2026-06-09 05:58:01 no action
2026-06-09 05:59:01 no action
2026-06-09 06:00:01 no action
2026-06-09 06:01:01 no action
2026-06-09 06:02:02 no action
2026-06-09 06:03:01 no action
2026-06-09 06:04:01 no action
2026-06-09 06:05:01 no action
2026-06-09 06:06:01 no action
2026-06-09 06:07:01 no action
2026-06-09 06:08:02 no action
2026-06-09 06:09:01 no action
2026-06-09 06:10:01 no action
2026-06-09 06:11:01 no action
2026-06-09 06:12:01 no action
2026-06-09 06:13:01 no action
2026-06-09 06:14:02 no action
2026-06-09 06:15:01 no action
2026-06-09 06:16:01 no action
2026-06-09 06:17:01 no action
2026-06-09 06:18:01 no action
2026-06-09 06:19:01 no action
2026-06-09 06:20:02 no action
2026-06-09 06:21:01 no action
2026-06-09 06:22:01 no action
2026-06-09 06:23:01 no action
2026-06-09 06:24:01 no action
2026-06-09 06:25:01 no action
2026-06-09 06:26:02 no action
2026-06-09 06:27:01 no action
2026-06-09 06:28:01 no action
2026-06-09 06:29:01 no action
2026-06-09 06:30:01 no action
2026-06-09 06:31:01 no action
2026-06-09 06:32:02 no action
2026-06-09 06:33:01 no action
2026-06-09 06:34:01 no action
2026-06-09 06:35:01 no action
2026-06-09 06:36:01 no action
2026-06-09 06:37:01 no action
2026-06-09 06:38:02 no action
2026-06-09 06:39:01 no action
2026-06-09 06:40:01 no action
2026-06-09 06:41:01 no action
2026-06-09 06:42:01 no action
2026-06-09 06:43:01 no action
2026-06-09 06:44:02 no action
2026-06-09 06:45:01 no action
2026-06-09 06:46:01 no action
2026-06-09 06:47:01 no action
2026-06-09 06:48:01 no action
2026-06-09 06:49:01 no action
2026-06-09 06:50:02 no action
2026-06-09 06:51:01 no action
2026-06-09 06:52:01 no action
2026-06-09 06:53:01 no action
2026-06-09 06:54:01 no action
2026-06-09 06:55:01 no action
2026-06-09 06:56:02 no action
2026-06-09 06:57:01 no action
2026-06-09 06:58:01 no action
2026-06-09 06:59:01 no action
2026-06-09 07:00:01 no action
2026-06-09 07:01:01 no action
2026-06-09 07:02:01 no action
2026-06-09 07:03:01 no action
2026-06-09 07:04:01 no action
2026-06-09 07:05:01 no action
2026-06-09 07:06:01 no action
2026-06-09 07:07:02 no action
2026-06-09 07:08:01 no action
2026-06-09 07:09:01 no action
2026-06-09 07:10:01 no action
2026-06-09 07:11:01 no action
2026-06-09 07:12:01 no action
2026-06-09 07:13:02 no action
2026-06-09 07:14:01 no action
2026-06-09 07:15:01 no action
2026-06-09 07:16:01 no action
2026-06-09 07:17:01 no action
2026-06-09 07:18:01 no action
2026-06-09 07:19:02 no action
2026-06-09 07:20:01 no action
2026-06-09 07:21:01 no action
2026-06-09 07:22:01 no action
2026-06-09 07:23:01 no action
2026-06-09 07:24:01 no action
2026-06-09 07:25:02 no action
2026-06-09 07:26:01 no action
2026-06-09 07:27:01 no action
2026-06-09 07:28:01 no action
2026-06-09 07:29:01 no action
2026-06-09 07:30:01 no action
2026-06-09 07:31:02 no action
2026-06-09 07:32:01 no action
2026-06-09 07:33:01 no action
2026-06-09 07:34:01 no action
2026-06-09 07:35:01 no action
2026-06-09 07:36:01 no action
2026-06-09 07:37:02 no action
2026-06-09 07:38:01 no action
2026-06-09 07:39:01 no action
2026-06-09 07:40:01 no action
2026-06-09 07:41:01 no action
2026-06-09 07:42:01 no action
2026-06-09 07:43:02 no action
2026-06-09 07:44:01 no action
2026-06-09 07:45:01 no action
2026-06-09 07:46:01 no action
2026-06-09 07:47:01 no action
2026-06-09 07:48:01 no action
2026-06-09 07:49:02 no action
2026-06-09 07:50:01 no action
2026-06-09 07:51:01 no action
2026-06-09 07:52:01 no action
2026-06-09 07:53:01 no action
2026-06-09 07:54:02 no action
2026-06-09 07:55:01 no action
2026-06-09 07:56:01 no action
2026-06-09 07:57:01 no action
2026-06-09 07:58:01 no action
2026-06-09 07:59:01 no action
2026-06-09 08:00:02 no action
2026-06-09 08:01:01 no action
2026-06-09 08:02:01 no action
2026-06-09 08:03:01 no action
2026-06-09 08:04:01 no action
2026-06-09 08:05:01 no action
2026-06-09 08:06:02 no action
2026-06-09 08:07:01 no action
2026-06-09 08:08:01 no action
2026-06-09 08:09:01 no action
2026-06-09 08:10:01 no action
2026-06-09 08:11:01 no action
2026-06-09 08:12:02 no action
2026-06-09 08:13:01 no action
2026-06-09 08:14:01 no action
2026-06-09 08:15:01 no action
2026-06-09 08:16:01 no action
2026-06-09 08:17:01 no action
2026-06-09 08:18:02 no action
2026-06-09 08:19:01 no action
2026-06-09 08:20:01 no action
2026-06-09 08:21:01 no action
2026-06-09 08:22:01 no action
2026-06-09 08:23:01 no action
2026-06-09 08:24:02 no action
2026-06-09 08:25:01 no action
2026-06-09 08:26:01 no action
2026-06-09 08:27:01 no action
2026-06-09 08:28:01 no action
2026-06-09 08:29:01 no action
2026-06-09 08:30:02 no action
2026-06-09 08:31:01 no action
2026-06-09 08:32:01 no action
2026-06-09 08:33:01 no action
2026-06-09 08:34:01 no action
2026-06-09 08:35:02 no action
2026-06-09 08:36:01 no action
2026-06-09 08:37:01 no action
2026-06-09 08:38:01 no action
2026-06-09 08:39:01 no action
2026-06-09 08:40:01 no action
2026-06-09 08:41:02 no action
2026-06-09 08:42:01 no action
2026-06-09 08:43:01 no action
2026-06-09 08:44:01 no action
2026-06-09 08:45:01 no action
2026-06-09 08:46:01 no action
2026-06-09 08:47:02 no action
2026-06-09 08:48:01 no action
2026-06-09 08:49:01 no action
2026-06-09 08:50:01 no action
2026-06-09 08:51:01 no action
2026-06-09 08:52:01 no action
2026-06-09 08:53:02 no action
2026-06-09 08:54:01 no action
2026-06-09 08:55:01 no action
2026-06-09 08:56:01 no action
2026-06-09 08:57:01 no action
2026-06-09 08:58:01 no action
2026-06-09 08:59:02 no action
